"","Row.names","freq","prev","p.freq","p.prev","p","contaminant","kingdom","phylum","class","order","family","genus","species"
"1","ASV.1114",0.000190027895858527,8,NA,0.100461282503363,0.100461282503363,TRUE,"Fungi","Basidiomycota","Tremellomycetes","Filobasidiales","Piskurozymaceae","Solicoccozyma",NA
"2","ASV.148",0.000826975884672423,14,NA,0.175032212231064,0.175032212231064,TRUE,"Fungi","Ascomycota","Arthoniomycetes","Lichenostigmatales","Phaeococcomycetaceae",NA,NA
"3","ASV.154",0.000534272392772383,6,NA,0.0754114336540377,0.0754114336540377,TRUE,"Fungi","Ascomycota","Saccharomycetes","Saccharomycetales","Trichomonascaceae","Trichomonascus","Trichomonascus_vanleenenianus"
"4","ASV.1584",6.25584596361004e-05,8,NA,0.100461282503363,0.100461282503363,TRUE,"Fungi","Basidiomycota","Agaricomycetes",NA,NA,NA,NA
"5","ASV.1598",4.10256508910054e-05,3,NA,0.0377328065790535,0.0377328065790535,TRUE,"Fungi",NA,NA,NA,NA,NA,NA
"6","ASV.1676",0.00189765424082281,2,NA,0.0251572327044025,0.0251572327044025,TRUE,"Fungi",NA,NA,NA,NA,NA,NA
"7","ASV.1678",0.00631174523626393,6,NA,0.0754114336540377,0.0754114336540377,TRUE,"Fungi","Basidiomycota","Malasseziomycetes","Malasseziales","Malasseziaceae","Malassezia","Malassezia_globosa"
"8","ASV.1703",7.15842428009149e-05,3,NA,0.0377328065790535,0.0377328065790535,TRUE,"Fungi","Basidiomycota",NA,NA,NA,NA,NA
"9","ASV.1704",0.00128497544409644,5,NA,0.0628628520161152,0.0628628520161152,TRUE,"Fungi","Basidiomycota","Tremellomycetes",NA,NA,NA,NA
"10","ASV.174",0.000934520112813915,23,NA,0.28426534757322,0.28426534757322,TRUE,"Fungi","Ascomycota","Eurotiomycetes","Eurotiales","Aspergillaceae",NA,NA
"11","ASV.219",0.00029762230592617,2,NA,0.0251572327044025,0.0251572327044025,TRUE,"Fungi","Ascomycota","Dothideomycetes","Dothideales","Dothideaceae","Endoconidioma","Endoconidioma_populi"
"12","ASV.222",0.000202209982466662,2,NA,0.0251572327044025,0.0251572327044025,TRUE,"Fungi","Ascomycota","Saccharomycetes","Saccharomycetales",NA,NA,NA
"13","ASV.25",0.0102009513109539,20,NA,0.248292887299883,0.248292887299883,TRUE,"Fungi",NA,NA,NA,NA,NA,NA
"14","ASV.278",0.000309316304960962,3,NA,0.0377328065790535,0.0377328065790535,TRUE,"Fungi",NA,NA,NA,NA,NA,NA
"15","ASV.282",0.00046936700347863,10,NA,0.125429257501687,0.125429257501687,TRUE,"Fungi","Basidiomycota","Microbotryomycetes","Sporidiobolales","Sporidiobolaceae","Sporobolomyces",NA
"16","ASV.390",0.00015883760965042,8,NA,0.100461282503363,0.100461282503363,TRUE,"Fungi",NA,NA,NA,NA,NA,NA
"17","ASV.466",6.26220470450836e-07,3,NA,0.0377328065790535,0.0377328065790535,TRUE,"Fungi","Basidiomycota","Malasseziomycetes","Malasseziales","Malasseziaceae","Malassezia","Malassezia_sympodialis"
"18","ASV.493",0.000434523265739451,3,NA,0.0377328065790535,0.0377328065790535,TRUE,"Fungi","Basidiomycota","Tremellomycetes","Tremellales","Bulleribasidiaceae","Vishniacozyma",NA
"19","ASV.51",0.00221499661761212,15,NA,0.187348161354754,0.187348161354754,TRUE,"Fungi","Basidiomycota","Tremellomycetes","Filobasidiales","Filobasidiaceae","Filobasidium",NA
"20","ASV.527",0.000526941080204957,8,NA,0.100461282503363,0.100461282503363,TRUE,"Fungi",NA,NA,NA,NA,NA,NA
"21","ASV.59",0.00262554765007986,2,NA,0.0251572327044025,0.0251572327044025,TRUE,"Fungi","Ascomycota","Sordariomycetes","Sordariales",NA,NA,NA
"22","ASV.788",0.000105338193333934,4,NA,0.0503023345047262,0.0503023345047262,TRUE,"Fungi",NA,NA,NA,NA,NA,NA
"23","ASV.80",0.000220994251279932,2,NA,0.0251572327044025,0.0251572327044025,TRUE,"Fungi",NA,NA,NA,NA,NA,NA
"24","ASV.836",0.000394202687112729,2,NA,0.0251572327044025,0.0251572327044025,TRUE,"Fungi",NA,NA,NA,NA,NA,NA
"25","ASV.91",0.000848851096329125,10,NA,0.125429257501687,0.125429257501687,TRUE,"Fungi",NA,NA,NA,NA,NA,NA
"26","ASV.96",0.000256206128401536,2,NA,0.0251572327044025,0.0251572327044025,TRUE,"Fungi","Basidiomycota","Tremellomycetes","Tremellales","Tremellales_fam_Incertae_sedis","Tremellales_gen_Incertae_sedis","Tremellales_sp"
