"","kingdom","phylum","class","order","family","genus","species"
"ASV.4","Fungi",NA,NA,NA,NA,NA,NA
"ASV.5","Fungi","Ascomycota","Dothideomycetes","Pleosporales","Pleosporales_fam_Incertae_sedis","Pleosporales_gen_Incertae_sedis","Pleosporales_sp"
"ASV.6","Fungi","Ascomycota","Dothideomycetes","Dothideales","Saccotheciaceae","Aureobasidium",NA
"ASV.7","Fungi","Fungi_phy_Incertae_sedis","Fungi_cls_Incertae_sedis","Fungi_ord_Incertae_sedis","Fungi_fam_Incertae_sedis","Fungi_gen_Incertae_sedis","Fungi_sp"
"ASV.8","Fungi",NA,NA,NA,NA,NA,NA
"ASV.10","Fungi","Ascomycota","Dothideomycetes","Cladosporiales","Cladosporiaceae","Cladosporium","Cladosporium_herbarum"
"ASV.11","Fungi","Ascomycota","Dothideomycetes","Pleosporales","Didymosphaeriaceae","Paracamarosporium",NA
"ASV.12","Fungi","Basidiomycota","Tremellomycetes","Tremellomycetes_ord_Incertae_sedis","Tremellomycetes_fam_Incertae_sedis","Tremellomycetes_gen_Incertae_sedis","Tremellomycetes_sp"
"ASV.13","Fungi","Ascomycota","Dothideomycetes","Pleosporales","Pleosporaceae","Alternaria","Alternaria_subcucurbitae"
"ASV.15","Fungi","Ascomycota","Dothideomycetes","Pleosporales","Pleosporaceae",NA,NA
"ASV.16","Fungi","Ascomycota","Dothideomycetes","Cladosporiales","Cladosporiaceae","Cladosporium","Cladosporium_herbarum"
"ASV.17","Fungi","Basidiomycota","Ustilaginomycetes","Ustilaginales","Ustilaginaceae","Ustilago","Ustilago_hordei"
"ASV.18","Fungi","Basidiomycota","Tremellomycetes","Tremellales","Rhynchogastremaceae",NA,NA
"ASV.19","Fungi","Basidiomycota","Tremellomycetes","Tremellales","Bulleribasidiaceae","Dioszegia",NA
"ASV.20","Fungi","Basidiomycota","Tremellomycetes","Tremellales","Bulleribasidiaceae","Dioszegia","Dioszegia_sp"
"ASV.21","Fungi","Ascomycota","Dothideomycetes","Pleosporales","Pleosporaceae","Alternaria","Alternaria_sp"
"ASV.22","Fungi","Basidiomycota","Microbotryomycetes","Sporidiobolales","Sporidiobolaceae","Sporobolomyces",NA
"ASV.23","Fungi","Ascomycota",NA,NA,NA,NA,NA
"ASV.24","Fungi","Ascomycota","Dothideomycetes","Pleosporales","Sporormiaceae",NA,NA
"ASV.25","Fungi","Ascomycota","Leotiomycetes","Helotiales","Ploettnerulaceae","Cadophora","Cadophora_prunicola"
"ASV.26","Fungi","Ascomycota","Sordariomycetes","Coniochaetales","Coniochaetaceae","Coniochaeta",NA
"ASV.27","Fungi","Ascomycota","Dothideomycetes","Pleosporales","Pleosporales_fam_Incertae_sedis","Chalastospora","Chalastospora_gossypii"
"ASV.28","Fungi","Basidiomycota","Tremellomycetes",NA,NA,NA,NA
"ASV.30","Fungi","Ascomycota","Eurotiomycetes","Eurotiales","Aspergillaceae","Penicillium",NA
"ASV.31","Fungi","Basidiomycota","Microbotryomycetes","Leucosporidiales","Leucosporidiaceae","Leucosporidium",NA
"ASV.32","Fungi","Basidiomycota","Tremellomycetes","Tremellales","Bulleribasidiaceae","Vishniacozyma","Vishniacozyma_victoriae"
"ASV.34","Fungi","Ascomycota","Dothideomycetes","Dothideales","Dothideaceae","Endoconidioma",NA
"ASV.35","Fungi","Basidiomycota","Tremellomycetes",NA,NA,NA,NA
"ASV.36","Fungi","Ascomycota",NA,NA,NA,NA,NA
"ASV.37","Fungi","Ascomycota","Taphrinomycetes","Taphrinales","Protomycetaceae","Protomyces","Protomyces_inouyei"
"ASV.38","Fungi","Ascomycota","Dothideomycetes","Pleosporales",NA,NA,NA
"ASV.40","Fungi","Ascomycota","Dothideomycetes","Pleosporales","Pleosporaceae","Pyrenophora","Pyrenophora_avenicola"
"ASV.41","Fungi","Ascomycota","Sordariomycetes","Hypocreales","Nectriaceae","Fusarium",NA
"ASV.42","Fungi","Ascomycota","Sordariomycetes","Diaporthales",NA,NA,NA
"ASV.43","Fungi","Ascomycota","Dothideomycetes",NA,NA,NA,NA
"ASV.44","Fungi","Ascomycota","Dothideomycetes","Pleosporales","Didymellaceae",NA,NA
"ASV.45","Fungi","Basidiomycota","Tremellomycetes","Filobasidiales","Filobasidiaceae","Filobasidium","Filobasidium_chernovii"
"ASV.46","Fungi","Ascomycota","Sordariomycetes","Ophiostomatales","Ophiostomataceae",NA,NA
"ASV.49","Fungi","Ascomycota","Leotiomycetes","Helotiales","Erysiphaceae","Blumeria","Blumeria_graminis"
"ASV.50","Fungi","Ascomycota","Dothideomycetes","Pleosporales","Phaeosphaeriaceae",NA,NA
"ASV.51","Fungi","Basidiomycota","Cystobasidiomycetes","Erythrobasidiales","Erythrobasidiaceae","Erythrobasidium",NA
"ASV.52","Fungi","Ascomycota","Dothideomycetes","Pleosporales","Pleosporaceae","Alternaria","Alternaria_rosae"
"ASV.53","Fungi","Ascomycota","Lecanoromycetes","Lecanorales","Lecanoraceae","Lecanora","Lecanora_remota"
"ASV.54","Fungi","Ascomycota",NA,NA,NA,NA,NA
"ASV.55","Fungi","Basidiomycota","Microbotryomycetes","Microbotryomycetes_ord_Incertae_sedis","Microbotryomycetes_fam_Incertae_sedis","Curvibasidium","Curvibasidium_cygneicollum"
"ASV.56","Fungi","Ascomycota","Eurotiomycetes","Eurotiales","Trichocomaceae","Talaromyces",NA
"ASV.57","Fungi","Ascomycota","Sordariomycetes","Diaporthales","Gnomoniaceae","Gnomoniopsis","Gnomoniopsis_paraclavulata"
"ASV.58","Fungi","Ascomycota","Sordariomycetes","Hypocreales","Cordycipitaceae","Beauveria",NA
"ASV.59","Fungi","Ascomycota","Dothideomycetes","Dothideales","Saccotheciaceae",NA,NA
"ASV.62","Fungi","Ascomycota","Dothideomycetes","Dothideomycetes_ord_Incertae_sedis","Dothideomycetes_fam_Incertae_sedis","Dothideomycetes_gen_Incertae_sedis","Dothideomycetes_sp"
"ASV.63","Fungi","Ascomycota","Dothideomycetes",NA,NA,NA,NA
"ASV.65","Fungi","Ascomycota","Leotiomycetes","Helotiales","Erysiphaceae","Podosphaera",NA
"ASV.66","Fungi","Basidiomycota","Microbotryomycetes","Sporidiobolales","Sporidiobolaceae","Sporobolomyces","Sporobolomyces_ruberrimus"
"ASV.67","Fungi","Ascomycota","Dothideomycetes","Capnodiales","Capnodiales_fam_Incertae_sedis","Ramimonilia","Ramimonilia_apicalis"
"ASV.68","Fungi","Ascomycota","Eurotiomycetes","Eurotiales","Aspergillaceae","Penicillium",NA
"ASV.69","Fungi",NA,NA,NA,NA,NA,NA
"ASV.72","Fungi","Ascomycota",NA,NA,NA,NA,NA
"ASV.74","Fungi","Ascomycota","Taphrinomycetes","Taphrinales","Protomycetaceae","Protomyces","Protomyces_inouyei"
"ASV.75","Fungi","Basidiomycota","Tremellomycetes","Filobasidiales","Filobasidiales_fam_Incertae_sedis","Filobasidiales_gen_Incertae_sedis","Filobasidiales_sp"
"ASV.76","Fungi","Ascomycota","Leotiomycetes","Helotiales","Dermateaceae","Pezicula",NA
"ASV.77","Fungi","Ascomycota","Dothideomycetes","Pleosporales","Pleosporales_fam_Incertae_sedis","Pleosporales_gen_Incertae_sedis","Pleosporales_sp"
"ASV.79","Fungi","Ascomycota","Leotiomycetes","Helotiales","Erysiphaceae","Podosphaera",NA
"ASV.80","Fungi",NA,NA,NA,NA,NA,NA
"ASV.82","Fungi","Ascomycota","Sordariomycetes","Xylariales","Graphostromataceae","Biscogniauxia","Biscogniauxia_rosacearum"
"ASV.83","Fungi","Ascomycota","Dothideomycetes","Dothideales","Dothideales_fam_Incertae_sedis","Rhizosphaera",NA
"ASV.84","Fungi","Ascomycota","Sordariomycetes","Sordariales","Chaetomiaceae","Mycothermus","Mycothermus_thermophilus"
"ASV.85","Fungi","Ascomycota","Dothideomycetes","Dothideales","Saccotheciaceae",NA,NA
"ASV.86","Fungi","Basidiomycota","Tremellomycetes","Tremellales","Rhynchogastremaceae","Papiliotrema",NA
"ASV.87","Fungi","Ascomycota","Candelariomycetes","Candelariales","Candelariaceae","Candelaria","Candelaria_pacifica"
"ASV.88","Fungi","Basidiomycota","Tremellomycetes","Filobasidiales","Filobasidiaceae","Filobasidium",NA
"ASV.90","Fungi","Ascomycota","Dothideomycetes","Capnodiales","Capnodiales_fam_Incertae_sedis","Capnodiales_gen_Incertae_sedis","Capnodiales_sp"
"ASV.91","Fungi","Basidiomycota","Malasseziomycetes","Malasseziales","Malasseziaceae","Malassezia","Malassezia_dermatis"
"ASV.92","Fungi","Basidiomycota","Agaricomycetes","Agaricales","Agaricales_fam_Incertae_sedis",NA,NA
"ASV.93","Fungi","Ascomycota","Leotiomycetes","Helotiales","Sclerotiniaceae",NA,NA
"ASV.94","Fungi","Ascomycota","Dothideomycetes","Pleosporales","Didymellaceae",NA,NA
"ASV.95","Fungi","Ascomycota",NA,NA,NA,NA,NA
"ASV.96","Fungi","Basidiomycota","Tremellomycetes","Tremellales","Tremellales_fam_Incertae_sedis","Tremellales_gen_Incertae_sedis","Tremellales_sp"
"ASV.97","Fungi","Ascomycota","Sordariomycetes",NA,NA,NA,NA
"ASV.99","Fungi","Ascomycota","Sordariomycetes","Hypocreales",NA,NA,NA
"ASV.100","Fungi",NA,NA,NA,NA,NA,NA
"ASV.101","Fungi","Ascomycota","Dothideomycetes","Pleosporales","Pleosporales_fam_Incertae_sedis","Chalastospora","Chalastospora_gossypii"
"ASV.102","Fungi","Ascomycota","Sordariomycetes","Glomerellales","Glomerellaceae","Colletotrichum",NA
"ASV.103","Fungi","Basidiomycota","Agaricomycetes","Agaricales","Psathyrellaceae","Coprinellus",NA
"ASV.106","Fungi","Ascomycota","Dothideomycetes","Pleosporales","Pleosporaceae","Alternaria",NA
"ASV.107","Fungi","Ascomycota","Sordariomycetes","Diaporthales","Diaporthaceae","Diaporthe",NA
"ASV.108","Fungi","Ascomycota","Eurotiomycetes","Eurotiales","Aspergillaceae","Penicillium",NA
"ASV.109","Fungi","Ascomycota","Sordariomycetes","Amphisphaeriales","Apiosporaceae","Apiospora","Apiospora_sp"
"ASV.112","Fungi","Ascomycota","Taphrinomycetes","Taphrinales","Protomycetaceae","Protomyces","Protomyces_inouyei"
"ASV.118","Fungi","Ascomycota","Sordariomycetes","Diaporthales","Cytosporaceae","Cytospora","Cytospora_parapistaciae"
"ASV.119","Fungi","Ascomycota","Dothideomycetes","Venturiales","Venturiaceae",NA,NA
"ASV.120","Fungi","Basidiomycota","Tremellomycetes","Filobasidiales","Piskurozymaceae","Piskurozyma",NA
"ASV.121","Fungi","Basidiomycota","Tremellomycetes","Tremellales","Phaeotremellaceae","Phaeotremella","Phaeotremella_foliacea"
"ASV.124","Fungi","Ascomycota",NA,NA,NA,NA,NA
"ASV.126","Fungi","Ascomycota","Dothideomycetes","Pleosporales","Cucurbitariaceae",NA,NA
"ASV.127","Fungi","Basidiomycota","Cystobasidiomycetes","Buckleyzymales","Buckleyzymaceae","Buckleyzyma","Buckleyzyma_salicina"
"ASV.129","Fungi","Ascomycota","Sordariomycetes","Diaporthales","Valsaceae","Valsa","Valsa_pini"
"ASV.130","Fungi","Ascomycota","Lecanoromycetes","Lecanorales","Ramalinaceae","Ramalina",NA
"ASV.131","Fungi","Ascomycota","Sordariomycetes","Amphisphaeriales","Sporocadaceae","Seiridium",NA
"ASV.132","Fungi","Ascomycota","Eurotiomycetes","Eurotiales","Aspergillaceae","Penicillium",NA
"ASV.133","Fungi","Ascomycota","Eurotiomycetes","Eurotiales","Aspergillaceae","Penicillium","Penicillium_expansum"
"ASV.134","Fungi","Ascomycota","Dothideomycetes","Pleosporales","Pleosporaceae","Alternaria",NA
"ASV.135","Fungi","Ascomycota","Sordariomycetes","Hypocreales","Sarocladiaceae","Sarocladium",NA
"ASV.138","Fungi","Basidiomycota","Malasseziomycetes","Malasseziales","Malasseziaceae","Malassezia","Malassezia_restricta"
"ASV.139","Fungi","Ascomycota","Leotiomycetes","Helotiales","Sclerotiniaceae",NA,NA
"ASV.140","Fungi","Ascomycota","Dothideomycetes","Pleosporales",NA,NA,NA
"ASV.141","Fungi","Ascomycota","Dothideomycetes","Pleosporales","Pleosporaceae",NA,NA
"ASV.142","Fungi",NA,NA,NA,NA,NA,NA
"ASV.143","Fungi",NA,NA,NA,NA,NA,NA
"ASV.144","Fungi","Ascomycota","Eurotiomycetes","Eurotiales","Aspergillaceae","Penicillium",NA
"ASV.145","Fungi","Basidiomycota","Malasseziomycetes","Malasseziales","Malasseziaceae","Malassezia","Malassezia_sp"
"ASV.146","Fungi","Ascomycota","Pezizomycetes","Pezizales","Pezizaceae","Pezizaceae_gen_Incertae_sedis","Pezizaceae_sp"
"ASV.147","Fungi",NA,NA,NA,NA,NA,NA
"ASV.148","Fungi","Ascomycota","Dothideomycetes","Pleosporales","Didymellaceae","Dimorphoma","Dimorphoma_saxea"
"ASV.149","Fungi","Basidiomycota","Tremellomycetes",NA,NA,NA,NA
"ASV.150","Fungi","Ascomycota","Sordariomycetes","Amphisphaeriales","Apiosporaceae","Nigrospora",NA
"ASV.151","Fungi","Ascomycota","Dothideomycetes","Pleosporales","Pleosporaceae","Alternaria",NA
"ASV.152","Fungi","Basidiomycota","Agaricomycetes","Agaricales","Psathyrellaceae","Coprinellus",NA
"ASV.153","Fungi","Basidiomycota","Agaricomycetes","Agaricales","Agaricales_fam_Incertae_sedis","Agaricales_gen_Incertae_sedis","Agaricales_sp"
"ASV.154","Fungi","Basidiomycota","Agaricomycetes","Cantharellales","Ceratobasidiaceae","Ceratobasidiaceae_gen_Incertae_sedis","Ceratobasidiaceae_sp"
"ASV.156","Fungi","Ascomycota","Leotiomycetes","Helotiales","Erysiphaceae","Podosphaera",NA
"ASV.157","Fungi","Basidiomycota","Agaricomycetes","Agaricales","Crassisporiaceae","Crassisporium","Crassisporium_funariophilum"
"ASV.159","Fungi","Ascomycota","Eurotiomycetes","Eurotiales","Aspergillaceae","Aspergillus",NA
"ASV.161","Fungi","Ascomycota","Dothideomycetes","Pleosporales","Didymellaceae",NA,NA
"ASV.164","Fungi","Ascomycota","Eurotiomycetes","Eurotiales","Aspergillaceae","Penicillium","Penicillium_bialowiezense"
"ASV.165","Fungi","Fungi_phy_Incertae_sedis","Fungi_cls_Incertae_sedis","Fungi_ord_Incertae_sedis","Fungi_fam_Incertae_sedis","Fungi_gen_Incertae_sedis","Fungi_sp"
"ASV.167","Fungi","Ascomycota","Leotiomycetes","Helotiales",NA,NA,NA
"ASV.168","Fungi","Basidiomycota","Microbotryomycetes","Sporidiobolales","Sporidiobolaceae","Sporobolomyces",NA
"ASV.171","Fungi","Ascomycota","Sordariomycetes","Hypocreales","Hypocreaceae","Trichoderma",NA
"ASV.172","Fungi","Basidiomycota","Cystobasidiomycetes","Cystobasidiomycetes_ord_Incertae_sedis","Symmetrosporaceae","Symmetrospora",NA
"ASV.173","Fungi","Basidiomycota","Tremellomycetes","Tremellales","Bulleribasidiaceae","Vishniacozyma","Vishniacozyma_victoriae"
"ASV.174","Fungi","Basidiomycota","Agaricomycetes","Agaricales","Omphalotaceae","Gymnopus","Gymnopus_peronatus"
"ASV.176","Fungi","Ascomycota",NA,NA,NA,NA,NA
"ASV.178","Fungi","Ascomycota","Dothideomycetes","Pleosporales","Pleosporaceae","Alternaria",NA
"ASV.180","Fungi","Ascomycota","Pezizomycetes","Pezizales","Pyronemataceae","Pyronema","Pyronema_domesticum"
"ASV.181","Fungi",NA,NA,NA,NA,NA,NA
"ASV.182","Fungi","Basidiomycota","Tremellomycetes",NA,NA,NA,NA
"ASV.183","Fungi","Ascomycota","Eurotiomycetes","Eurotiales","Aspergillaceae","Penicillium","Penicillium_brevicompactum"
"ASV.185","Fungi","Ascomycota","Sordariomycetes","Xylariales",NA,NA,NA
"ASV.186","Fungi","Basidiomycota","Microbotryomycetes",NA,NA,NA,NA
"ASV.188","Fungi","Ascomycota","Dothideomycetes","Pleosporales","Sporormiaceae",NA,NA
"ASV.189","Fungi","Ascomycota","Dothideomycetes","Pleosporales","Sporormiaceae",NA,NA
"ASV.191","Fungi","Ascomycota","Eurotiomycetes","Eurotiales","Aspergillaceae","Aspergillus",NA
"ASV.194","Fungi","Basidiomycota","Microbotryomycetes","Sporidiobolales","Sporidiobolaceae","Rhodotorula","Rhodotorula_sp"
"ASV.196","Fungi","Ascomycota","Eurotiomycetes","Eurotiales","Trichocomaceae","Talaromyces",NA
"ASV.197","Fungi","Ascomycota","Dothideomycetes","Pleosporales","Didymosphaeriaceae","Kalmusia","Kalmusia_variispora"
"ASV.198","Fungi","Mortierellomycota","Mortierellomycetes","Mortierellales","Mortierellaceae",NA,NA
"ASV.199","Fungi","Ascomycota","Eurotiomycetes","Eurotiales","Aspergillaceae","Penicillium",NA
"ASV.201","Fungi","Fungi_phy_Incertae_sedis","Fungi_cls_Incertae_sedis","Fungi_ord_Incertae_sedis","Fungi_fam_Incertae_sedis","Fungi_gen_Incertae_sedis","Fungi_sp"
"ASV.202","Fungi","Ascomycota","Ascomycota_cls_Incertae_sedis","Ascomycota_ord_Incertae_sedis","Ascomycota_fam_Incertae_sedis","Ascomycota_gen_Incertae_sedis","Ascomycota_sp"
"ASV.203","Fungi",NA,NA,NA,NA,NA,NA
"ASV.204","Fungi","Ascomycota","Pezizomycetes","Pezizales","Pezizaceae","Pezizaceae_gen_Incertae_sedis","Pezizaceae_sp"
"ASV.205","Fungi","Ascomycota","Dothideomycetes","Dothideales","Dothideaceae","Endoconidioma",NA
"ASV.206","Fungi","Ascomycota",NA,NA,NA,NA,NA
"ASV.207","Fungi","Basidiomycota","Malasseziomycetes","Malasseziales","Malasseziaceae","Malassezia","Malassezia_restricta"
"ASV.208","Fungi","Ascomycota","Dothideomycetes","Dothideales",NA,NA,NA
"ASV.210","Fungi","Ascomycota","Sordariomycetes","Sordariales","Chaetomiaceae",NA,NA
"ASV.211","Fungi","Basidiomycota","Agaricomycetes","Agaricales","Psathyrellaceae","Parasola","Parasola_auricoma"
"ASV.212","Fungi","Basidiomycota","Agaricomycetes","Polyporales","Irpicaceae","Ceriporia","Ceriporia_occidentalis"
"ASV.214","Fungi","Ascomycota","Sordariomycetes","Hypocreales","Nectriaceae",NA,NA
"ASV.215","Fungi","Ascomycota","Sordariomycetes","Xylariales","Graphostromataceae","Biscogniauxia","Biscogniauxia_rosacearum"
"ASV.216","Fungi","Basidiomycota","Agaricomycetes","Polyporales",NA,NA,NA
"ASV.217","Fungi","Basidiomycota","Tremellomycetes","Filobasidiales","Filobasidiaceae","Filobasidium",NA
"ASV.219","Fungi","Basidiomycota","Agaricomycetes","Agaricales","Omphalotaceae","Gymnopus","Gymnopus_confluens"
"ASV.222","Fungi","Ascomycota","Saccharomycetes","Saccharomycetales",NA,NA,NA
"ASV.225","Fungi","Ascomycota","Eurotiomycetes","Ascosphaerales","Ascosphaeraceae","Ascosphaera",NA
"ASV.229","Fungi","Ascomycota","Eurotiomycetes","Eurotiales","Aspergillaceae","Aspergillus","Aspergillus_ruber"
"ASV.232","Fungi","Ascomycota","Dothideomycetes","Pleosporales","Cucurbitariaceae","Neocucurbitaria",NA
"ASV.233","Fungi",NA,NA,NA,NA,NA,NA
"ASV.234","Fungi","Ascomycota","Leotiomycetes","Helotiales","Sclerotiniaceae",NA,NA
"ASV.235","Fungi","Ascomycota","Dothideomycetes","Cladosporiales","Cladosporiaceae","Rachicladosporium","Rachicladosporium_sp"
"ASV.237","Fungi",NA,NA,NA,NA,NA,NA
"ASV.238","Fungi","Ascomycota","Eurotiomycetes","Phaeomoniellales","Celotheliaceae",NA,NA
"ASV.242","Fungi","Ascomycota","Dothideomycetes",NA,NA,NA,NA
"ASV.243","Fungi","Ascomycota","Dothideomycetes","Pleosporales","Didymellaceae",NA,NA
"ASV.244","Fungi","Basidiomycota","Agaricomycetes","Polyporales","Polyporaceae","Dichomitus","Dichomitus_squalens"
"ASV.245","Fungi","Basidiomycota","Microbotryomycetes","Leucosporidiales","Leucosporidiaceae","Leucosporidium",NA
"ASV.246","Fungi","Ascomycota","Sordariomycetes","Diaporthales","Diaporthaceae","Diaporthe",NA
"ASV.248","Fungi","Ascomycota","Dothideomycetes","Cladosporiales","Cladosporiaceae","Cladosporium","Cladosporium_halotolerans"
"ASV.251","Fungi","Basidiomycota","Agaricomycetes","Russulales","Russulales_fam_Incertae_sedis","Gloeodontia","Gloeodontia_subasperispora"
"ASV.252","Fungi","Basidiomycota","Ustilaginomycetes","Ustilaginales","Ustilaginaceae","Tranzscheliella","Tranzscheliella_hypodytes"
"ASV.255","Fungi","Ascomycota","Ascomycota_cls_Incertae_sedis","Ascomycota_ord_Incertae_sedis","Ascomycota_fam_Incertae_sedis","Ascomycota_gen_Incertae_sedis","Ascomycota_sp"
"ASV.258","Fungi","Basidiomycota","Tremellomycetes",NA,NA,NA,NA
"ASV.264","Fungi",NA,NA,NA,NA,NA,NA
"ASV.267","Fungi","Ascomycota",NA,NA,NA,NA,NA
"ASV.269","Fungi","Ascomycota",NA,NA,NA,NA,NA
"ASV.274","Fungi","Ascomycota",NA,NA,NA,NA,NA
"ASV.278","Fungi",NA,NA,NA,NA,NA,NA
"ASV.279","Fungi","Ascomycota","Sordariomycetes","Diaporthales","Cytosporaceae","Cytospora","Cytospora_parapistaciae"
"ASV.282","Fungi",NA,NA,NA,NA,NA,NA
"ASV.283","Fungi","Basidiomycota","Ustilaginomycetes","Ustilaginales","Ustilaginaceae","Moesziomyces",NA
"ASV.284","Fungi","Basidiomycota","Agaricomycetes","Agaricales","Agaricales_fam_Incertae_sedis","Baeospora","Baeospora_myosura"
"ASV.285","Fungi","Basidiomycota","Tremellomycetes",NA,NA,NA,NA
"ASV.291","Fungi","Ascomycota",NA,NA,NA,NA,NA
"ASV.292","Fungi","Basidiomycota","Tremellomycetes","Filobasidiales","Piskurozymaceae","Piskurozyma",NA
"ASV.298","Fungi","Ascomycota","Eurotiomycetes","Eurotiales","Aspergillaceae","Aspergillus",NA
"ASV.299","Fungi","Basidiomycota","Ustilaginomycetes","Ustilaginales","Ustilaginaceae",NA,NA
"ASV.302","Fungi","Ascomycota","Taphrinomycetes","Taphrinales","Taphrinaceae","Taphrina","Taphrina_sacchari"
"ASV.304","Fungi","Ascomycota","Eurotiomycetes","Chaetothyriales","Herpotrichiellaceae","Exophiala","Exophiala_opportunistica"
"ASV.305","Fungi","Ascomycota",NA,NA,NA,NA,NA
"ASV.313","Fungi","Ascomycota","Sordariomycetes",NA,NA,NA,NA
"ASV.314","Fungi","Ascomycota","Taphrinomycetes","Taphrinales","Protomycetaceae","Protomyces","Protomyces_inouyei"
"ASV.317","Fungi","Ascomycota","Dothideomycetes","Pleosporales","Pleosporales_fam_Incertae_sedis","Chalastospora","Chalastospora_gossypii"
"ASV.318","Fungi","Basidiomycota","Agaricomycetes","Agaricales","Agaricales_fam_Incertae_sedis","Agaricales_gen_Incertae_sedis","Agaricales_sp"
"ASV.319","Fungi","Basidiomycota","Microbotryomycetes","Sporidiobolales","Sporidiobolaceae","Sporobolomyces",NA
"ASV.322","Fungi","Ascomycota","Dothideomycetes","Pleosporales","Pleosporales_fam_Incertae_sedis","Chalastospora","Chalastospora_gossypii"
"ASV.326","Fungi","Basidiomycota","Malasseziomycetes","Malasseziales","Malasseziaceae","Malassezia","Malassezia_restricta"
"ASV.328","Fungi","Ascomycota","Leotiomycetes","Helotiales","Erysiphaceae","Golovinomyces","Golovinomyces_asperifolii"
"ASV.329","Fungi","Ascomycota","Eurotiomycetes","Chaetothyriales",NA,NA,NA
"ASV.330","Fungi","Ascomycota","Dothideomycetes","Pleosporales","Pleosporales_fam_Incertae_sedis","Pleosporales_gen_Incertae_sedis","Pleosporales_sp"
"ASV.331","Fungi","Ascomycota","Lecanoromycetes","Teloschistales","Teloschistaceae","Polycauliona","Polycauliona_candelaria"
"ASV.332","Fungi","Basidiomycota","Cystobasidiomycetes","Erythrobasidiales","Erythrobasidiales_fam_Incertae_sedis","Erythrobasidiales_gen_Incertae_sedis","Erythrobasidiales_sp"
"ASV.333","Fungi","Ascomycota","Dothideomycetes","Dothideales","Dothideales_fam_Incertae_sedis","Dothideales_gen_Incertae_sedis","Dothideales_sp"
"ASV.334","Fungi","Ascomycota","Leotiomycetes","Helotiales",NA,NA,NA
"ASV.336","Fungi","Ascomycota","Leotiomycetes","Helotiales","Helotiales_fam_Incertae_sedis","Bulgariella","Bulgariella_pulla"
"ASV.338","Fungi","Ascomycota","Pezizomycetes","Pezizales","Ascobolaceae","Ascobolus","Ascobolus_sp"
"ASV.340","Fungi","Ascomycota","Sordariomycetes","Xylariales","Graphostromataceae","Biscogniauxia",NA
"ASV.341","Fungi",NA,NA,NA,NA,NA,NA
"ASV.342","Fungi","Ascomycota","Sordariomycetes","Hypocreales","Nectriaceae","Nalanthamala","Nalanthamala_vermoesenii"
"ASV.349","Fungi","Ascomycota","Sordariomycetes","Hypocreales","Cordycipitaceae","Flavocillium","Flavocillium_bifurcatum"
"ASV.351","Fungi","Ascomycota","Dothideomycetes","Pleosporales","Lentitheciaceae","Keissleriella",NA
"ASV.353","Fungi","Ascomycota","Dothideomycetes","Pleosporales","Pleosporaceae","Alternaria",NA
"ASV.356","Fungi","Ascomycota","Sordariomycetes",NA,NA,NA,NA
"ASV.360","Fungi","Ascomycota","Sordariomycetes","Coniochaetales","Coniochaetaceae","Coniochaeta",NA
"ASV.362","Fungi","Ascomycota","Leotiomycetes","Helotiales","Sclerotiniaceae",NA,NA
"ASV.373","Fungi","Ascomycota","Sordariomycetes","Hypocreales","Sarocladiaceae","Sarocladium",NA
"ASV.380","Fungi","Ascomycota",NA,NA,NA,NA,NA
"ASV.381","Fungi","Basidiomycota","Microbotryomycetes",NA,NA,NA,NA
"ASV.384","Fungi","Ascomycota","Eurotiomycetes","Eurotiales","Aspergillaceae","Aspergillus",NA
"ASV.386","Fungi","Ascomycota","Leotiomycetes","Helotiales","Erysiphaceae","Erysiphe",NA
"ASV.387","Fungi","Basidiomycota","Malasseziomycetes","Malasseziales","Malasseziaceae","Malassezia","Malassezia_restricta"
"ASV.390","Fungi","Basidiomycota","Malasseziomycetes","Malasseziales","Malasseziaceae","Malassezia","Malassezia_restricta"
"ASV.393","Fungi","Ascomycota","Dothideomycetes",NA,NA,NA,NA
"ASV.394","Fungi",NA,NA,NA,NA,NA,NA
"ASV.400","Fungi","Ascomycota",NA,NA,NA,NA,NA
"ASV.403","Fungi","Ascomycota","Sordariomycetes","Amphisphaeriales","Sporocadaceae",NA,NA
"ASV.406","Fungi","Ascomycota","Sordariomycetes","Hypocreales","Cordycipitaceae","Beauveria","Beauveria_pseudobassiana"
"ASV.411","Fungi","Ascomycota","Pezizomycetes","Pezizales","Pezizaceae",NA,NA
"ASV.418","Fungi","Fungi_phy_Incertae_sedis","Fungi_cls_Incertae_sedis","Fungi_ord_Incertae_sedis","Fungi_fam_Incertae_sedis","Fungi_gen_Incertae_sedis","Fungi_sp"
"ASV.423","Fungi","Basidiomycota","Tremellomycetes","Tremellales","Bulleraceae","Bullera",NA
"ASV.424","Fungi","Ascomycota","Sordariomycetes","Glomerellales","Plectosphaerellaceae","Verticillium",NA
"ASV.425","Fungi","Basidiomycota","Malasseziomycetes","Malasseziales","Malasseziaceae","Malassezia",NA
"ASV.427","Fungi","Basidiomycota",NA,NA,NA,NA,NA
"ASV.430","Fungi","Ascomycota","Eurotiomycetes","Chaetothyriales",NA,NA,NA
"ASV.434","Fungi","Basidiomycota","Microbotryomycetes","Sporidiobolales","Sporidiobolaceae","Sporobolomyces",NA
"ASV.436","Fungi","Basidiomycota","Agaricomycetes","Agaricales","Lycoperdaceae","Lycoperdon",NA
"ASV.437","Fungi",NA,NA,NA,NA,NA,NA
"ASV.444","Fungi",NA,NA,NA,NA,NA,NA
"ASV.445","Fungi","Ascomycota","Dothideomycetes","Pleosporales",NA,NA,NA
"ASV.446","Fungi","Ascomycota","Eurotiomycetes","Eurotiales","Aspergillaceae","Penicillium",NA
"ASV.451","Fungi","Ascomycota","Leotiomycetes","Thelebolales","Pseudeurotiaceae","Pseudogymnoascus",NA
"ASV.456","Fungi",NA,NA,NA,NA,NA,NA
"ASV.460","Fungi","Ascomycota","Dothideomycetes","Pleosporales","Pleosporales_fam_Incertae_sedis","Chalastospora","Chalastospora_gossypii"
"ASV.464","Fungi","Ascomycota","Sordariomycetes","Hypocreales","Nectriaceae","Fusarium",NA
"ASV.465","Fungi","Ascomycota","Leotiomycetes",NA,NA,NA,NA
"ASV.466","Fungi","Basidiomycota","Malasseziomycetes","Malasseziales","Malasseziaceae","Malassezia","Malassezia_sympodialis"
"ASV.468","Fungi","Fungi_phy_Incertae_sedis","Fungi_cls_Incertae_sedis","Fungi_ord_Incertae_sedis","Fungi_fam_Incertae_sedis","Fungi_gen_Incertae_sedis","Fungi_sp"
"ASV.473","Fungi","Ascomycota","Dothideomycetes","Pleosporales","Didymosphaeriaceae","Paracamarosporium",NA
"ASV.481","Fungi","Basidiomycota","Malasseziomycetes","Malasseziales","Malasseziaceae","Malassezia","Malassezia_globosa"
"ASV.482","Fungi","Ascomycota","Lecanoromycetes","Lecanorales","Ramalinaceae","Waynea","Waynea_californica"
"ASV.484","Fungi","Ascomycota","Leotiomycetes","Helotiales","Erysiphaceae","Blumeria","Blumeria_graminis"
"ASV.487","Fungi","Basidiomycota","Agaricomycetes","Agaricales","Crepidotaceae","Crepidotus","Crepidotus_applanatus"
"ASV.488","Fungi","Basidiomycota","Agaricomycetes","Polyporales","Polyporaceae","Trametes","Trametes_versicolor"
"ASV.489","Fungi","Ascomycota","Sordariomycetes","Xylariales","Graphostromataceae","Biscogniauxia","Biscogniauxia_atropunctata"
"ASV.493","Fungi","Basidiomycota","Tremellomycetes","Tremellales","Phaeotremellaceae","Phaeotremella","Phaeotremella_foliacea"
"ASV.495","Fungi","Ascomycota","Dothideomycetes","Pleosporales","Pleosporales_fam_Incertae_sedis","Pleosporales_gen_Incertae_sedis","Pleosporales_sp"
"ASV.498","Fungi","Ascomycota","Eurotiomycetes","Chaetothyriales","Chaetothyriales_fam_Incertae_sedis","Chaetothyriales_gen_Incertae_sedis","Chaetothyriales_sp"
"ASV.499","Fungi","Ascomycota","Dothideomycetes","Pleosporales",NA,NA,NA
"ASV.502","Fungi","Basidiomycota","Agaricomycetes","Polyporales","Meruliaceae","Scopuloides",NA
"ASV.503","Fungi","Ascomycota","Eurotiomycetes","Chaetothyriales","Herpotrichiellaceae","Cladophialophora","Cladophialophora_sp"
"ASV.504","Fungi","Ascomycota",NA,NA,NA,NA,NA
"ASV.510","Fungi","Ascomycota","Dothideomycetes","Dothideales","Saccotheciaceae","Aureobasidium",NA
"ASV.513","Fungi","Ascomycota","Dothideomycetes","Cladosporiales","Cladosporiaceae","Cladosporium",NA
"ASV.514","Fungi",NA,NA,NA,NA,NA,NA
"ASV.515","Fungi","Basidiomycota","Tremellomycetes","Tremellales","Bulleribasidiaceae","Vishniacozyma","Vishniacozyma_victoriae"
"ASV.517","Fungi","Ascomycota","Dothideomycetes","Pleosporales","Pleosporales_fam_Incertae_sedis","Pleosporales_gen_Incertae_sedis","Pleosporales_sp"
"ASV.519","Fungi",NA,NA,NA,NA,NA,NA
"ASV.520","Fungi","Ascomycota","Dothideomycetes","Pleosporales","Torulaceae","Torula","Torula_aquatica"
"ASV.521","Fungi",NA,NA,NA,NA,NA,NA
"ASV.522","Fungi","Ascomycota","Leotiomycetes","Helotiales","Ploettnerulaceae","Cadophora","Cadophora_dextrinospora"
"ASV.523","Fungi",NA,NA,NA,NA,NA,NA
"ASV.527","Fungi","Ascomycota","Sordariomycetes","Ophiostomatales","Ophiostomataceae","Ophiostoma",NA
"ASV.528","Fungi","Ascomycota","Dothideomycetes","Dothideales","Saccotheciaceae","Aureobasidium",NA
"ASV.532","Fungi","Ascomycota","Dothideomycetes","Mycosphaerellales","Dissoconiaceae","Uwebraunia",NA
"ASV.533","Fungi","Ascomycota","Leotiomycetes","Helotiales","Erysiphaceae","Podosphaera",NA
"ASV.534","Fungi","Ascomycota","Dothideomycetes","Cladosporiales","Cladosporiaceae","Cladosporium","Cladosporium_herbarum"
"ASV.535","Fungi","Ascomycota",NA,NA,NA,NA,NA
"ASV.536","Fungi","Ascomycota","Sordariomycetes","Glomerellales","Plectosphaerellaceae",NA,NA
"ASV.538","Fungi","Basidiomycota","Agaricomycetes","Agaricales","Strophariaceae","Pholiota","Pholiota_brunnescens"
"ASV.545","Fungi","Ascomycota","Dothideomycetes","Pleosporales","Pleosporaceae","Pleosporaceae_gen_Incertae_sedis","Pleosporaceae_sp"
"ASV.546","Fungi","Ascomycota","Sordariomycetes","Diaporthales","Cytosporaceae","Cytospora","Cytospora_parapistaciae"
"ASV.548","Fungi","Ascomycota","Sordariomycetes","Diaporthales",NA,NA,NA
"ASV.550","Fungi",NA,NA,NA,NA,NA,NA
"ASV.551","Fungi",NA,NA,NA,NA,NA,NA
"ASV.555","Fungi","Ascomycota","Sordariomycetes","Hypocreales","Nectriaceae","Fusarium",NA
"ASV.557","Fungi","Basidiomycota","Microbotryomycetes","Sporidiobolales","Sporidiobolaceae","Sporobolomyces",NA
"ASV.558","Fungi","Ascomycota",NA,NA,NA,NA,NA
"ASV.559","Fungi","Ascomycota","Dothideomycetes","Dothideales","Neocelosporiaceae",NA,NA
"ASV.560","Fungi","Ascomycota","Sordariomycetes","Diaporthales",NA,NA,NA
"ASV.561","Fungi","Ascomycota","Eurotiomycetes","Eurotiales","Thermoascaceae","Paecilomyces","Paecilomyces_maximus"
"ASV.563","Fungi","Ascomycota",NA,NA,NA,NA,NA
"ASV.566","Fungi","Basidiomycota","Agaricomycetes","Cantharellales","Ceratobasidiaceae",NA,NA
"ASV.569","Fungi","Ascomycota","Sordariomycetes","Hypocreales","Nectriaceae","Fusarium",NA
"ASV.570","Fungi","Basidiomycota","Agaricomycetes","Hymenochaetales","Hymenochaetales_fam_Incertae_sedis","Hymenochaetales_gen_Incertae_sedis","Hymenochaetales_sp"
"ASV.574","Fungi","Ascomycota","Eurotiomycetes","Eurotiales","Aspergillaceae","Penicillium",NA
"ASV.575","Fungi",NA,NA,NA,NA,NA,NA
"ASV.577","Fungi","Ascomycota","Taphrinomycetes","Taphrinales","Protomycetaceae","Protomyces","Protomyces_inouyei"
"ASV.580","Fungi","Basidiomycota","Agaricomycetes","Agaricales","Psathyrellaceae",NA,NA
"ASV.581","Fungi","Ascomycota","Dothideomycetes",NA,NA,NA,NA
"ASV.582","Fungi","Basidiomycota","Agaricomycetes","Cantharellales","Cantharellales_fam_Incertae_sedis","Cantharellales_gen_Incertae_sedis","Cantharellales_sp"
"ASV.583","Fungi","Ascomycota","Sordariomycetes","Coniochaetales","Coniochaetaceae","Coniochaeta",NA
"ASV.585","Fungi","Ascomycota","Dothideomycetes","Pleosporales","Phaeosphaeriaceae","Phaeosphaeriaceae_gen_Incertae_sedis","Phaeosphaeriaceae_sp"
"ASV.586","Fungi","Basidiomycota","Agaricomycetes","Agaricales","Psathyrellaceae","Coprinellus",NA
"ASV.592","Fungi","Ascomycota","Dothideomycetes","Dothideales","Saccotheciaceae","Aureobasidium",NA
"ASV.593","Fungi","Basidiomycota","Tremellomycetes","Cystofilobasidiales","Cystofilobasidiaceae","Cystofilobasidium","Cystofilobasidium_macerans"
"ASV.597","Fungi","Ascomycota","Leotiomycetes","Helotiales","Myxotrichaceae","Oidiodendron",NA
"ASV.599","Fungi","Ascomycota","Saccharomycetes","Saccharomycetales","Phaffomycetaceae","Cyberlindnera","Cyberlindnera_jadinii"
"ASV.600","Fungi","Ascomycota","Leotiomycetes","Helotiales",NA,NA,NA
"ASV.601","Fungi","Ascomycota",NA,NA,NA,NA,NA
"ASV.606","Fungi",NA,NA,NA,NA,NA,NA
"ASV.614","Fungi","Ascomycota","Dothideomycetes","Pleosporales","Phaeosphaeriaceae","Didymocyrtis",NA
"ASV.616","Fungi",NA,NA,NA,NA,NA,NA
"ASV.619","Fungi","Ascomycota","Dothideomycetes","Pleosporales","Lophiostomataceae","Neovaginatispora","Neovaginatispora_sp"
"ASV.621","Fungi","Ascomycota","Saccharomycetes","Saccharomycetales","Phaffomycetaceae","Cyberlindnera","Cyberlindnera_jadinii"
"ASV.624","Fungi",NA,NA,NA,NA,NA,NA
"ASV.626","Fungi","Ascomycota","Eurotiomycetes","Eurotiales","Aspergillaceae","Penicillium",NA
"ASV.632","Fungi","Ascomycota","Dothideomycetes","Cladosporiales","Cladosporiaceae","Cladosporium","Cladosporium_herbarum"
"ASV.634","Fungi","Basidiomycota","Microbotryomycetes","Leucosporidiales","Leucosporidiaceae","Leucosporidium",NA
"ASV.636","Fungi","Basidiomycota","Agaricomycetes","Agaricomycetes_ord_Incertae_sedis","Agaricomycetes_fam_Incertae_sedis","Agaricomycetes_gen_Incertae_sedis","Agaricomycetes_sp"
"ASV.640","Fungi","Basidiomycota","Agaricomycetes",NA,NA,NA,NA
"ASV.642","Fungi","Ascomycota","Taphrinomycetes","Taphrinales","Protomycetaceae","Protomyces","Protomyces_inouyei"
"ASV.653","Fungi","Basidiomycota","Agaricomycetes","Agaricales","Psathyrellaceae","Coprinellus","Coprinellus_sclerocystidiosus"
"ASV.654","Fungi","Basidiomycota","Tremellomycetes","Tremellales","Bulleribasidiaceae","Vishniacozyma","Vishniacozyma_victoriae"
"ASV.657","Fungi",NA,NA,NA,NA,NA,NA
"ASV.658","Fungi","Ascomycota","Leotiomycetes","Helotiales","Erysiphaceae","Podosphaera",NA
"ASV.660","Fungi",NA,NA,NA,NA,NA,NA
"ASV.664","Fungi","Basidiomycota",NA,NA,NA,NA,NA
"ASV.667","Fungi","Ascomycota","Dothideomycetes","Dothideales","Saccotheciaceae","Aureobasidium",NA
"ASV.669","Fungi","Ascomycota","Leotiomycetes","Helotiales",NA,NA,NA
"ASV.670","Fungi","Ascomycota","Eurotiomycetes","Eurotiales","Aspergillaceae","Penicillium",NA
"ASV.671","Fungi","Ascomycota","Dothideomycetes","Pleosporales","Phaeosphaeriaceae","Didymocyrtis",NA
"ASV.674","Fungi","Ascomycota","Dothideomycetes","Pleosporales",NA,NA,NA
"ASV.678","Fungi",NA,NA,NA,NA,NA,NA
"ASV.680","Fungi",NA,NA,NA,NA,NA,NA
"ASV.685","Fungi","Basidiomycota","Tremellomycetes","Tremellales","Bulleribasidiaceae","Dioszegia",NA
"ASV.687","Fungi","Ascomycota","Dothideomycetes","Dothideales","Saccotheciaceae","Aureobasidium",NA
"ASV.689","Fungi","Basidiomycota","Agaricomycetes","Polyporales","Steccherinaceae","Antrodiella",NA
"ASV.690","Fungi","Ascomycota",NA,NA,NA,NA,NA
"ASV.691","Fungi","Basidiomycota","Agaricomycetes","Polyporales","Podoscyphaceae","Hypochnicium",NA
"ASV.693","Fungi",NA,NA,NA,NA,NA,NA
"ASV.695","Fungi",NA,NA,NA,NA,NA,NA
"ASV.696","Fungi","Basidiomycota","Malasseziomycetes","Malasseziales","Malasseziaceae","Malassezia","Malassezia_restricta"
"ASV.697","Fungi","Ascomycota","Eurotiomycetes","Eurotiales","Trichocomaceae","Talaromyces",NA
"ASV.698","Fungi",NA,NA,NA,NA,NA,NA
"ASV.699","Fungi","Basidiomycota","Agaricomycetes","Hymenochaetales","Rickenellaceae","Resinicium","Resinicium_bicolor"
"ASV.702","Fungi","Basidiomycota","Agaricomycetes","Cantharellales","Botryobasidiaceae","Botryobasidium","Botryobasidium_subcoronatum"
"ASV.703","Fungi","Ascomycota","Leotiomycetes","Helotiales","Erysiphaceae","Podosphaera",NA
"ASV.706","Fungi","Ascomycota",NA,NA,NA,NA,NA
"ASV.711","Fungi","Basidiomycota","Agaricomycetes","Russulales","Peniophoraceae",NA,NA
"ASV.715","Fungi","Basidiomycota","Agaricomycetes","Agaricales","Physalacriaceae","Strobilurus",NA
"ASV.716","Fungi","Ascomycota","Dothideomycetes","Cladosporiales","Cladosporiaceae","Cladosporium","Cladosporium_herbarum"
"ASV.720","Fungi","Ascomycota","Leotiomycetes","Helotiales","Sclerotiniaceae",NA,NA
"ASV.721","Fungi","Ascomycota","Eurotiomycetes","Eurotiales","Aspergillaceae","Penicillium",NA
"ASV.725","Fungi","Ascomycota","Sordariomycetes","Hypocreales","Nectriaceae","Fusarium",NA
"ASV.735","Fungi","Ascomycota","Dothideomycetes","Pleosporales","Pleosporaceae","Alternaria",NA
"ASV.736","Fungi","Ascomycota","Dothideomycetes","Pleosporales","Didymellaceae","Neoascochyta",NA
"ASV.737","Fungi","Basidiomycota","Agaricomycetes","Russulales","Peniophoraceae",NA,NA
"ASV.739","Fungi",NA,NA,NA,NA,NA,NA
"ASV.741","Fungi","Ascomycota","Sordariomycetes","Coniochaetales","Coniochaetaceae","Coniochaeta",NA
"ASV.744","Fungi",NA,NA,NA,NA,NA,NA
"ASV.745","Fungi","Basidiomycota","Agaricomycetes","Agaricales","Physalacriaceae","Armillaria","Armillaria_borealis"
"ASV.746","Fungi","Basidiomycota","Agaricomycetes","Agaricales","Physalacriaceae","Armillaria","Armillaria_borealis"
"ASV.748","Fungi","Ascomycota","Dothideomycetes","Pleosporales","Didymosphaeriaceae","Paracamarosporium",NA
"ASV.749","Fungi","Basidiomycota","Agaricomycetes","Agaricales","Radulomycetaceae","Radulomycetaceae_gen_Incertae_sedis","Radulomycetaceae_sp"
"ASV.751","Fungi","Basidiomycota","Agaricomycetes","Polyporales","Hyphodermataceae","Hyphoderma","Hyphoderma_setigerum"
"ASV.753","Fungi","Ascomycota","Leotiomycetes","Helotiales","Erysiphaceae","Blumeria","Blumeria_graminis"
"ASV.758","Fungi","Ascomycota","Taphrinomycetes","Taphrinales","Protomycetaceae","Protomyces","Protomyces_inouyei"
"ASV.759","Fungi","Ascomycota","Dothideomycetes","Pleosporales",NA,NA,NA
"ASV.760","Fungi","Ascomycota","Sordariomycetes","Hypocreales","Bionectriaceae","Geosmithia",NA
"ASV.762","Fungi","Ascomycota","Dothideomycetes","Dothideales","Saccotheciaceae","Aureobasidium",NA
"ASV.769","Fungi","Basidiomycota","Tremellomycetes","Filobasidiales","Filobasidiaceae","Naganishia",NA
"ASV.774","Fungi","Ascomycota",NA,NA,NA,NA,NA
"ASV.775","Fungi","Ascomycota","Dothideomycetes","Pleosporales","Pleosporaceae","Pyrenophora","Pyrenophora_avenicola"
"ASV.777","Fungi","Basidiomycota","Agaricomycetes","Hymenochaetales","Hymenochaetaceae","Tubulicrinis","Tubulicrinis_sp"
"ASV.781","Fungi","Basidiomycota","Exobasidiomycetes","Exobasidiales","Brachybasidiaceae","Meira",NA
"ASV.785","Fungi","Ascomycota","Dothideomycetes","Pleosporales","Pleosporales_fam_Incertae_sedis","Pleosporales_gen_Incertae_sedis","Pleosporales_sp"
"ASV.788","Fungi","Basidiomycota","Tremellomycetes","Tremellomycetes_ord_Incertae_sedis","Tremellomycetes_fam_Incertae_sedis","Tremellomycetes_gen_Incertae_sedis","Tremellomycetes_sp"
"ASV.790","Fungi","Ascomycota","Dothideomycetes","Pleosporales","Pleosporaceae","Alternaria",NA
"ASV.793","Fungi","Basidiomycota","Malasseziomycetes","Malasseziales","Malasseziaceae","Malassezia","Malassezia_sp"
"ASV.794","Fungi","Ascomycota","Dothideomycetes","Pleosporales","Pleosporales_fam_Incertae_sedis","Chalastospora","Chalastospora_gossypii"
"ASV.796","Fungi","Ascomycota","Dothideomycetes","Dothideales","Saccotheciaceae",NA,NA
"ASV.797","Fungi",NA,NA,NA,NA,NA,NA
"ASV.798","Fungi","Ascomycota","Dothideomycetes","Pleosporales","Didymosphaeriaceae","Paracamarosporium",NA
"ASV.800","Fungi",NA,NA,NA,NA,NA,NA
"ASV.801","Fungi","Ascomycota","Dothideomycetes","Pleosporales","Pleosporales_fam_Incertae_sedis","Pleosporales_gen_Incertae_sedis","Pleosporales_sp"
"ASV.803","Fungi","Ascomycota","Dothideomycetes","Venturiales","Sympoventuriaceae","Tetracoccosporium","Tetracoccosporium_sp"
"ASV.805","Fungi","Ascomycota","Eurotiomycetes","Chaetothyriales","Chaetothyriales_fam_Incertae_sedis","Sarcinomyces","Sarcinomyces_crustaceus"
"ASV.806","Fungi",NA,NA,NA,NA,NA,NA
"ASV.808","Fungi","Ascomycota","Dothideomycetes","Pleosporales","Sporormiaceae",NA,NA
"ASV.809","Fungi","Ascomycota",NA,NA,NA,NA,NA
"ASV.811","Fungi","Ascomycota","Eurotiomycetes","Eurotiales","Aspergillaceae","Penicillium",NA
"ASV.812","Fungi","Basidiomycota",NA,NA,NA,NA,NA
"ASV.814","Fungi","Ascomycota","Dothideomycetes","Pleosporales","Pleosporaceae","Pyrenophora","Pyrenophora_avenicola"
"ASV.823","Fungi","Ascomycota","Dothideomycetes","Cladosporiales","Cladosporiaceae","Cladosporium","Cladosporium_herbarum"
"ASV.824","Fungi","Ascomycota","Eurotiomycetes","Eurotiales","Aspergillaceae","Penicillium",NA
"ASV.825","Fungi",NA,NA,NA,NA,NA,NA
"ASV.826","Fungi","Basidiomycota","Malasseziomycetes","Malasseziales","Malasseziaceae","Malassezia",NA
"ASV.836","Fungi","Basidiomycota","Microbotryomycetes","Sporidiobolales","Sporidiobolaceae","Rhodotorula","Rhodotorula_sp"
"ASV.837","Fungi","Ascomycota","Dothideomycetes","Cladosporiales","Cladosporiaceae","Cladosporium","Cladosporium_herbarum"
"ASV.839","Fungi","Basidiomycota","Agaricomycetes","Agaricales","Mycenaceae","Mycena",NA
"ASV.840","Fungi","Basidiomycota","Agaricomycetes","Agaricales","Physalacriaceae","Armillaria","Armillaria_borealis"
"ASV.841","Fungi","Ascomycota","Dothideomycetes","Cladosporiales","Cladosporiaceae","Cladosporium","Cladosporium_halotolerans"
"ASV.846","Fungi","Ascomycota","Dothideomycetes","Pleosporales","Sporormiaceae",NA,NA
"ASV.847","Fungi","Ascomycota","Dothideomycetes","Pleosporales","Pleosporaceae","Alternaria",NA
"ASV.848","Fungi","Basidiomycota","Microbotryomycetes","Sporidiobolales","Sporidiobolaceae","Sporobolomyces","Sporobolomyces_ruberrimus"
"ASV.849","Fungi","Ascomycota","Dothideomycetes","Pleosporales","Pleosporales_fam_Incertae_sedis","Pleosporales_gen_Incertae_sedis","Pleosporales_sp"
"ASV.851","Fungi","Ascomycota","Sordariomycetes","Ophiostomatales","Ophiostomataceae",NA,NA
"ASV.852","Fungi","Ascomycota","Sordariomycetes","Hypocreales","Stachybotryaceae",NA,NA
"ASV.855","Fungi","Ascomycota","Dothideomycetes","Pleosporales",NA,NA,NA
"ASV.856","Fungi",NA,NA,NA,NA,NA,NA
"ASV.857","Fungi","Ascomycota","Sordariomycetes","Coniochaetales","Coniochaetaceae","Coniochaeta",NA
"ASV.863","Fungi","Basidiomycota","Malasseziomycetes","Malasseziales","Malasseziaceae","Malassezia","Malassezia_restricta"
"ASV.865","Fungi",NA,NA,NA,NA,NA,NA
"ASV.868","Fungi",NA,NA,NA,NA,NA,NA
"ASV.869","Fungi",NA,NA,NA,NA,NA,NA
"ASV.872","Fungi","Basidiomycota","Agaricomycetes","Agaricales","Psathyrellaceae","Psathyrella","Psathyrella_pennata"
"ASV.875","Fungi","Ascomycota","Dothideomycetes","Pleosporales","Didymosphaeriaceae",NA,NA
"ASV.877","Fungi","Ascomycota","Eurotiomycetes","Eurotiales","Aspergillaceae","Penicillium",NA
"ASV.882","Fungi","Ascomycota","Saccharomycetes","Saccharomycetales",NA,NA,NA
"ASV.888","Fungi","Ascomycota","Dothideomycetes","Cladosporiales","Cladosporiaceae","Cladosporium","Cladosporium_herbarum"
"ASV.890","Fungi","Ascomycota","Dothideomycetes","Mytilinidiales","Mytilinidiaceae","Lophium","Lophium_arboricola"
"ASV.891","Fungi","Ascomycota","Leotiomycetes","Helotiales","Erysiphaceae","Podosphaera",NA
"ASV.893","Fungi","Ascomycota","Dothideomycetes","Cladosporiales","Cladosporiaceae","Cladosporium","Cladosporium_herbarum"
"ASV.901","Fungi","Ascomycota","Dothideomycetes","Pleosporales","Didymosphaeriaceae",NA,NA
"ASV.904","Fungi","Ascomycota","Eurotiomycetes","Chaetothyriales","Herpotrichiellaceae","Cladophialophora",NA
"ASV.905","Fungi","Basidiomycota","Agaricomycetes","Agaricales","Tricholomataceae","Tricholoma",NA
"ASV.906","Fungi","Basidiomycota","Agaricomycetes","Agaricales","Psathyrellaceae","Coprinellus","Coprinellus_sclerocystidiosus"
"ASV.910","Fungi",NA,NA,NA,NA,NA,NA
"ASV.921","Fungi","Basidiomycota","Agaricomycetes","Cantharellales","Hydnaceae","Sistotrema","Sistotrema_brinkmannii"
"ASV.924","Fungi","Basidiomycota","Tremellomycetes","Tremellomycetes_ord_Incertae_sedis","Tremellomycetes_fam_Incertae_sedis","Tremellomycetes_gen_Incertae_sedis","Tremellomycetes_sp"
"ASV.925","Fungi","Ascomycota","Dothideomycetes","Pleosporales",NA,NA,NA
"ASV.928","Fungi","Basidiomycota","Tremellomycetes","Tremellales","Phaeotremellaceae","Phaeotremella","Phaeotremella_foliacea"
"ASV.929","Fungi","Basidiomycota","Agaricomycetes","Agaricales","Lycoperdaceae","Lycoperdon",NA
"ASV.930","Fungi","Ascomycota","Leotiomycetes","Helotiales","Erysiphaceae","Podosphaera",NA
"ASV.935","Fungi","Ascomycota","Dothideomycetes","Cladosporiales","Cladosporiaceae","Cladosporium","Cladosporium_herbarum"
"ASV.944","Fungi",NA,NA,NA,NA,NA,NA
"ASV.950","Fungi","Ascomycota","Dothideomycetes","Dothideales","Dothideales_fam_Incertae_sedis","Rhizosphaera",NA
"ASV.957","Fungi","Ascomycota","Dothideomycetes","Pleosporales","Pleosporaceae","Pyrenophora","Pyrenophora_avenicola"
"ASV.961","Fungi","Ascomycota","Dothideomycetes","Cladosporiales","Cladosporiaceae","Cladosporium","Cladosporium_herbarum"
"ASV.969","Fungi","Basidiomycota","Agaricomycetes","Hymenochaetales","Hymenochaetales_fam_Incertae_sedis","Hymenochaetales_gen_Incertae_sedis","Hymenochaetales_sp"
"ASV.973","Fungi","Ascomycota","Dothideomycetes","Pleosporales","Lophiostomataceae","Neovaginatispora","Neovaginatispora_sp"
"ASV.974","Fungi","Ascomycota","Eurotiomycetes","Eurotiomycetes_ord_Incertae_sedis","Eurotiomycetes_fam_Incertae_sedis","Eurotiomycetes_gen_Incertae_sedis","Eurotiomycetes_sp"
"ASV.975","Fungi","Basidiomycota","Microbotryomycetes","Sporidiobolales","Sporidiobolaceae","Sporobolomyces","Sporobolomyces_ruberrimus"
"ASV.976","Fungi","Basidiomycota","Agaricomycetes","Agaricales","Agaricales_fam_Incertae_sedis",NA,NA
"ASV.979","Fungi","Ascomycota","Dothideomycetes","Pleosporales","Pleosporales_fam_Incertae_sedis","Chalastospora","Chalastospora_gossypii"
"ASV.980","Fungi","Basidiomycota","Tremellomycetes","Filobasidiales","Filobasidiaceae","Filobasidium","Filobasidium_wieringae"
"ASV.981","Fungi",NA,NA,NA,NA,NA,NA
"ASV.984","Fungi","Ascomycota","Sordariomycetes","Hypocreales","Cordycipitaceae","Beauveria",NA
"ASV.987","Fungi","Ascomycota","Dothideomycetes","Capnodiales","Capnodiales_fam_Incertae_sedis","Ramimonilia","Ramimonilia_apicalis"
"ASV.988","Fungi","Ascomycota","Sordariomycetes","Hypocreales","Hypocreaceae","Hypomyces","Hypomyces_aurantius"
"ASV.991","Fungi","Ascomycota","Leotiomycetes","Helotiales","Dermateaceae","Pezicula",NA
"ASV.992","Fungi","Basidiomycota","Agaricomycetes","Russulales","Peniophoraceae","Peniophora",NA
"ASV.994","Fungi",NA,NA,NA,NA,NA,NA
"ASV.995","Fungi","Ascomycota","Dothideomycetes","Pleosporales","Pleosporaceae","Alternaria",NA
"ASV.998","Fungi","Ascomycota","Sordariomycetes",NA,NA,NA,NA
"ASV.999","Fungi","Ascomycota","Dothideomycetes","Cladosporiales","Cladosporiaceae","Cladosporium","Cladosporium_halotolerans"
"ASV.1001","Fungi",NA,NA,NA,NA,NA,NA
"ASV.1002","Fungi","Ascomycota","Dothideomycetes","Dothideales","Dothideaceae","Endoconidioma",NA
"ASV.1006","Fungi","Ascomycota","Pezizomycetes","Pezizales","Pyronemataceae","Tricharina","Tricharina_praecox"
"ASV.1008","Fungi",NA,NA,NA,NA,NA,NA
"ASV.1012","Fungi",NA,NA,NA,NA,NA,NA
"ASV.1013","Fungi","Ascomycota","Eurotiomycetes","Phaeomoniellales","Celotheliaceae",NA,NA
"ASV.1017","Fungi","Ascomycota","Leotiomycetes",NA,NA,NA,NA
"ASV.1018","Fungi",NA,NA,NA,NA,NA,NA
"ASV.1019","Fungi","Ascomycota","Dothideomycetes","Pleosporales","Pleosporales_fam_Incertae_sedis","Chalastospora","Chalastospora_gossypii"
"ASV.1021","Fungi","Ascomycota","Sordariomycetes","Diaporthales","Diaporthaceae","Diaporthe",NA
"ASV.1023","Fungi","Ascomycota","Dothideomycetes","Pleosporales","Didymosphaeriaceae","Paracamarosporium",NA
"ASV.1024","Fungi","Ascomycota","Sordariomycetes","Xylariales","Graphostromataceae","Biscogniauxia",NA
"ASV.1027","Fungi","Ascomycota",NA,NA,NA,NA,NA
"ASV.1028","Fungi","Ascomycota",NA,NA,NA,NA,NA
"ASV.1029","Fungi","Ascomycota","Eurotiomycetes","Phaeomoniellales","Celotheliaceae",NA,NA
"ASV.1031","Fungi",NA,NA,NA,NA,NA,NA
"ASV.1035","Fungi","Ascomycota","Eurotiomycetes","Chaetothyriales",NA,NA,NA
"ASV.1036","Fungi","Ascomycota","Sordariomycetes","Hypocreales","Cordycipitaceae","Simplicillium","Simplicillium_aogashimaense"
"ASV.1038","Fungi","Ascomycota","Dothideomycetes","Pleosporales","Didymellaceae",NA,NA
"ASV.1040","Fungi","Ascomycota",NA,NA,NA,NA,NA
"ASV.1041","Fungi","Ascomycota","Dothideomycetes","Cladosporiales","Cladosporiaceae","Cladosporium","Cladosporium_herbarum"
"ASV.1047","Fungi",NA,NA,NA,NA,NA,NA
"ASV.1049","Fungi","Ascomycota","Dothideomycetes","Pleosporales","Pleosporales_fam_Incertae_sedis","Pleosporales_gen_Incertae_sedis","Pleosporales_sp"
"ASV.1051","Fungi","Ascomycota","Dothideomycetes","Pleosporales","Pleosporales_fam_Incertae_sedis","Pleosporales_gen_Incertae_sedis","Pleosporales_sp"
"ASV.1054","Fungi","Ascomycota","Saccharomycetes","Saccharomycetales",NA,NA,NA
"ASV.1056","Fungi","Mucoromycota","Mucoromycetes","Mucorales","Rhizopodaceae","Rhizopus","Rhizopus_arrhizus"
"ASV.1070","Fungi","Basidiomycota","Agaricomycetes","Polyporales","Ganodermataceae","Ganoderma","Ganoderma_applanatum"
"ASV.1073","Fungi","Ascomycota","Sordariomycetes","Sordariales",NA,NA,NA
"ASV.1074","Fungi","Ascomycota","Dothideomycetes","Pleosporales","Didymosphaeriaceae",NA,NA
"ASV.1076","Fungi",NA,NA,NA,NA,NA,NA
"ASV.1080","Fungi","Ascomycota","Eurotiomycetes","Eurotiales","Thermoascaceae","Thermoascus","Thermoascus_aurantiacus"
"ASV.1085","Fungi","Basidiomycota","Tremellomycetes","Tremellales","Bulleribasidiaceae","Vishniacozyma","Vishniacozyma_victoriae"
"ASV.1086","Fungi","Ascomycota","Leotiomycetes","Helotiales","Pezizellaceae","Calycina","Calycina_sp"
"ASV.1089","Fungi","Ascomycota","Eurotiomycetes","Eurotiales","Aspergillaceae","Penicillium","Penicillium_sp"
"ASV.1090","Fungi","Ascomycota",NA,NA,NA,NA,NA
"ASV.1091","Fungi","Basidiomycota","Tremellomycetes","Tremellales","Bulleribasidiaceae","Vishniacozyma","Vishniacozyma_victoriae"
"ASV.1093","Fungi","Basidiomycota","Agaricomycetes","Agaricales","Pleurotaceae","Pleurotus",NA
"ASV.1095","Fungi","Ascomycota","Sordariomycetes",NA,NA,NA,NA
"ASV.1097","Fungi","Ascomycota","Dothideomycetes","Pleosporales","Pleosporaceae","Alternaria",NA
"ASV.1098","Fungi","Ascomycota","Dothideomycetes","Dothideales","Saccotheciaceae","Aureobasidium",NA
"ASV.1100","Fungi","Ascomycota","Dothideomycetes","Cladosporiales","Cladosporiaceae","Cladosporium","Cladosporium_herbarum"
"ASV.1102","Fungi","Ascomycota","Leotiomycetes","Helotiales","Dermateaceae","Pezicula",NA
"ASV.1105","Fungi","Ascomycota","Dothideomycetes","Pleosporales",NA,NA,NA
"ASV.1106","Fungi","Ascomycota","Eurotiomycetes","Eurotiales","Aspergillaceae","Penicillium",NA
"ASV.1109","Fungi","Ascomycota","Dothideomycetes","Pleosporales",NA,NA,NA
"ASV.1114","Fungi","Basidiomycota","Tremellomycetes",NA,NA,NA,NA
"ASV.1116","Fungi","Ascomycota","Eurotiomycetes","Eurotiales",NA,NA,NA
"ASV.1117","Fungi","Ascomycota","Saccharomycetes","Saccharomycetales","Saccharomycetaceae","Lachancea",NA
"ASV.1118","Fungi","Ascomycota","Sordariomycetes","Hypocreales","Nectriaceae",NA,NA
"ASV.1121","Fungi","Ascomycota","Dothideomycetes","Dothideales","Saccotheciaceae",NA,NA
"ASV.1124","Fungi","Ascomycota","Sordariomycetes","Hypocreales","Nectriaceae",NA,NA
"ASV.1125","Fungi","Basidiomycota","Pucciniomycetes","Pucciniales","Pucciniaceae","Puccinia","Puccinia_sp"
"ASV.1127","Fungi","Ascomycota",NA,NA,NA,NA,NA
"ASV.1128","Fungi","Ascomycota","Dothideomycetes","Cladosporiales","Cladosporiaceae","Cladosporium","Cladosporium_herbarum"
"ASV.1129","Fungi","Ascomycota","Leotiomycetes","Helotiales","Erysiphaceae","Podosphaera",NA
"ASV.1130","Fungi","Ascomycota","Taphrinomycetes","Taphrinales","Protomycetaceae","Protomyces","Protomyces_inouyei"
"ASV.1131","Fungi","Ascomycota","Dothideomycetes","Cladosporiales","Cladosporiaceae","Cladosporium","Cladosporium_herbarum"
"ASV.1132","Fungi","Ascomycota","Sordariomycetes","Diaporthales",NA,NA,NA
"ASV.1139","Fungi","Ascomycota",NA,NA,NA,NA,NA
"ASV.1140","Fungi","Basidiomycota","Agaricomycetes","Trechisporales","Hydnodontaceae","Subulicystidium","Subulicystidium_meridense"
"ASV.1142","Fungi",NA,NA,NA,NA,NA,NA
"ASV.1143","Fungi","Basidiomycota","Agaricomycetes","Polyporales","Phanerochaetaceae","Phanerochaete","Phanerochaete_livescens"
"ASV.1144","Fungi","Ascomycota","Pezizomycetes","Pezizales","Pezizaceae","Pezizaceae_gen_Incertae_sedis","Pezizaceae_sp"
"ASV.1149","Fungi","Ascomycota",NA,NA,NA,NA,NA
"ASV.1150","Fungi","Ascomycota","Eurotiomycetes","Eurotiales","Aspergillaceae","Penicillium",NA
"ASV.1151","Fungi",NA,NA,NA,NA,NA,NA
"ASV.1152","Fungi","Ascomycota","Dothideomycetes","Pleosporales","Pleosporales_fam_Incertae_sedis","Pleosporales_gen_Incertae_sedis","Pleosporales_sp"
"ASV.1159","Fungi","Basidiomycota","Agaricomycetes","Agaricales","Strophariaceae","Hypholoma","Hypholoma_fasciculare"
"ASV.1160","Fungi","Basidiomycota","Agaricomycetes","Polyporales","Hyphodermataceae","Hyphoderma","Hyphoderma_roseocremeum"
"ASV.1161","Fungi","Ascomycota","Lecanoromycetes","Lecanorales","Lecanoraceae","Lecanora","Lecanora_remota"
"ASV.1162","Fungi","Ascomycota","Dothideomycetes",NA,NA,NA,NA
"ASV.1163","Fungi","Ascomycota","Dothideomycetes","Pleosporales","Pleosporales_fam_Incertae_sedis","Chalastospora","Chalastospora_gossypii"
"ASV.1164","Fungi","Ascomycota","Dothideomycetes","Cladosporiales","Cladosporiaceae","Cladosporium","Cladosporium_herbarum"
"ASV.1167","Fungi",NA,NA,NA,NA,NA,NA
"ASV.1168","Fungi","Ascomycota","Dothideomycetes","Dothideales","Dothideaceae","Endoconidioma","Endoconidioma_populi"
"ASV.1173","Fungi","Mucoromycota","Mucoromycetes","Mucorales","Mucoraceae",NA,NA
"ASV.1176","Fungi","Ascomycota","Dothideomycetes",NA,NA,NA,NA
"ASV.1180","Fungi","Ascomycota","Dothideomycetes","Pleosporales",NA,NA,NA
"ASV.1189","Fungi","Ascomycota","Eurotiomycetes","Eurotiales","Aspergillaceae","Aspergillus","Aspergillus_ruber"
"ASV.1191","Fungi","Ascomycota","Dothideomycetes","Cladosporiales","Cladosporiaceae","Cladosporium","Cladosporium_herbarum"
"ASV.1192","Fungi",NA,NA,NA,NA,NA,NA
"ASV.1193","Fungi",NA,NA,NA,NA,NA,NA
"ASV.1199","Fungi","Ascomycota","Sordariomycetes","Glomerellales","Glomerellaceae","Colletotrichum",NA
"ASV.1202","Fungi","Ascomycota","Dothideomycetes","Pleosporales","Pleosporaceae","Alternaria",NA
"ASV.1203","Fungi","Ascomycota",NA,NA,NA,NA,NA
"ASV.1205","Fungi",NA,NA,NA,NA,NA,NA
"ASV.1206","Fungi","Ascomycota",NA,NA,NA,NA,NA
"ASV.1208","Fungi","Ascomycota","Dothideomycetes","Pleosporales","Pleosporaceae","Alternaria","Alternaria_rosae"
"ASV.1209","Fungi","Basidiomycota","Agaricomycetes","Polyporales","Gelatoporiaceae","Cinereomyces",NA
"ASV.1213","Fungi","Ascomycota","Dothideomycetes","Cladosporiales","Cladosporiaceae","Cladosporium","Cladosporium_herbarum"
"ASV.1214","Fungi","Ascomycota","Dothideomycetes","Cladosporiales","Cladosporiaceae","Cladosporium","Cladosporium_herbarum"
"ASV.1215","Fungi","Ascomycota","Leotiomycetes","Helotiales","Erysiphaceae","Podosphaera",NA
"ASV.1217","Fungi","Ascomycota","Dothideomycetes","Pleosporales","Sporormiaceae",NA,NA
"ASV.1220","Fungi","Ascomycota","Leotiomycetes","Helotiales","Erysiphaceae","Podosphaera",NA
"ASV.1221","Fungi",NA,NA,NA,NA,NA,NA
"ASV.1223","Fungi","Ascomycota","Dothideomycetes","Cladosporiales","Cladosporiaceae","Cladosporium","Cladosporium_herbarum"
"ASV.1225","Fungi","Ascomycota","Sordariomycetes","Xylariales","Graphostromataceae","Biscogniauxia","Biscogniauxia_rosacearum"
"ASV.1228","Fungi","Ascomycota","Dothideomycetes","Pleosporales","Didymellaceae",NA,NA
"ASV.1229","Fungi","Ascomycota","Dothideomycetes","Pleosporales","Sporormiaceae",NA,NA
"ASV.1232","Fungi","Basidiomycota","Exobasidiomycetes","Entylomatales","Entylomataceae","Entyloma","Entyloma_calendulae"
"ASV.1235","Fungi",NA,NA,NA,NA,NA,NA
"ASV.1236","Fungi","Ascomycota",NA,NA,NA,NA,NA
"ASV.1242","Fungi","Basidiomycota","Agaricomycetes","Trechisporales","Hydnodontaceae","Trechispora","Trechispora_sp"
"ASV.1245","Fungi","Basidiomycota","Microbotryomycetes","Sporidiobolales","Sporidiobolaceae","Sporobolomyces",NA
"ASV.1246","Fungi","Ascomycota","Sordariomycetes","Diaporthales",NA,NA,NA
"ASV.1247","Fungi","Ascomycota","Dothideomycetes","Cladosporiales","Cladosporiaceae","Cladosporium","Cladosporium_herbarum"
"ASV.1254","Fungi","Ascomycota","Dothideomycetes","Cladosporiales","Cladosporiaceae","Cladosporium","Cladosporium_herbarum"
"ASV.1255","Fungi","Ascomycota","Eurotiomycetes","Eurotiales","Aspergillaceae","Aspergillus","Aspergillus_piperis"
"ASV.1260","Fungi","Basidiomycota","Tremellomycetes","Tremellales","Bulleribasidiaceae","Vishniacozyma","Vishniacozyma_victoriae"
"ASV.1261","Fungi","Ascomycota","Sordariomycetes","Hypocreales","Hypocreales_fam_Incertae_sedis","Hypocreales_gen_Incertae_sedis","Hypocreales_sp"
"ASV.1262","Fungi","Ascomycota","Dothideomycetes","Pleosporales","Pleosporales_fam_Incertae_sedis","Pleosporales_gen_Incertae_sedis","Pleosporales_sp"
"ASV.1263","Fungi","Ascomycota",NA,NA,NA,NA,NA
"ASV.1266","Fungi","Ascomycota","Sordariomycetes","Diaporthales","Cytosporaceae","Cytospora","Cytospora_parapistaciae"
"ASV.1271","Fungi","Ascomycota","Eurotiomycetes","Chaetothyriales","Herpotrichiellaceae",NA,NA
"ASV.1274","Fungi","Ascomycota","Dothideomycetes","Pleosporales","Pleosporales_fam_Incertae_sedis","Chalastospora","Chalastospora_gossypii"
"ASV.1277","Fungi","Ascomycota","Leotiomycetes","Helotiales","Dermateaceae","Pezicula",NA
"ASV.1279","Fungi","Ascomycota","Leotiomycetes","Helotiales","Erysiphaceae","Podosphaera",NA
"ASV.1287","Fungi","Ascomycota","Sordariomycetes","Hypocreales","Cordycipitaceae","Beauveria","Beauveria_pseudobassiana"
"ASV.1288","Fungi","Basidiomycota","Agaricomycetes","Russulales","Peniophoraceae",NA,NA
"ASV.1289","Fungi","Ascomycota",NA,NA,NA,NA,NA
"ASV.1290","Fungi","Basidiomycota","Microbotryomycetes","Sporidiobolales","Sporidiobolaceae","Sporobolomyces",NA
"ASV.1295","Fungi","Basidiomycota","Tremellomycetes","Filobasidiales","Filobasidiaceae","Filobasidium",NA
"ASV.1296","Fungi","Ascomycota","Leotiomycetes","Helotiales","Erysiphaceae","Podosphaera",NA
"ASV.1297","Fungi","Ascomycota","Dothideomycetes","Dothideales","Saccotheciaceae","Aureobasidium",NA
"ASV.1298","Fungi","Ascomycota","Dothideomycetes","Pleosporales",NA,NA,NA
"ASV.1299","Fungi",NA,NA,NA,NA,NA,NA
"ASV.1305","Fungi","Basidiomycota","Tremellomycetes","Filobasidiales","Filobasidiaceae","Naganishia",NA
"ASV.1307","Fungi","Basidiomycota","Agaricomycetes","Agaricales","Mycenaceae","Mycena","Mycena_metata"
"ASV.1308","Fungi","Ascomycota","Dothideomycetes","Dothideales","Dothideales_fam_Incertae_sedis","Rhizosphaera",NA
"ASV.1309","Fungi",NA,NA,NA,NA,NA,NA
"ASV.1311","Fungi","Ascomycota","Sordariomycetes","Hypocreales","Nectriaceae","Fusarium",NA
"ASV.1313","Fungi",NA,NA,NA,NA,NA,NA
"ASV.1314","Fungi","Basidiomycota","Agaricomycetes","Cantharellales","Ceratobasidiaceae","Ceratobasidiaceae_gen_Incertae_sedis","Ceratobasidiaceae_sp"
"ASV.1315","Fungi","Ascomycota","Sordariomycetes","Hypocreales","Nectriaceae",NA,NA
"ASV.1316","Fungi","Ascomycota",NA,NA,NA,NA,NA
"ASV.1318","Fungi","Ascomycota",NA,NA,NA,NA,NA
"ASV.1319","Fungi","Basidiomycota","Agaricomycetes","Hymenochaetales","Hymenochaetales_fam_Incertae_sedis","Hymenochaetales_gen_Incertae_sedis","Hymenochaetales_sp"
"ASV.1320","Fungi","Ascomycota","Lecanoromycetes","Baeomycetales","Xylographaceae","Lambiella","Lambiella_arenosa"
"ASV.1323","Fungi","Basidiomycota","Agaricomycetes","Agaricales","Physalacriaceae","Armillaria","Armillaria_borealis"
"ASV.1324","Fungi","Basidiomycota","Agaricomycetes","Polyporales",NA,NA,NA
"ASV.1325","Fungi","Ascomycota","Leotiomycetes","Helotiales","Erysiphaceae","Podosphaera",NA
"ASV.1326","Fungi","Ascomycota","Leotiomycetes","Helotiales","Erysiphaceae","Podosphaera",NA
"ASV.1336","Fungi","Ascomycota","Dothideomycetes","Pleosporales","Pleosporaceae","Alternaria",NA
"ASV.1340","Fungi","Basidiomycota","Agaricomycetes","Agaricomycetes_ord_Incertae_sedis","Agaricomycetes_fam_Incertae_sedis","Agaricomycetes_gen_Incertae_sedis","Agaricomycetes_sp"
"ASV.1341","Fungi","Ascomycota",NA,NA,NA,NA,NA
"ASV.1344","Fungi","Basidiomycota","Agaricomycetes","Agaricales","Mycenaceae","Mycena",NA
"ASV.1345","Fungi",NA,NA,NA,NA,NA,NA
"ASV.1353","Fungi","Ascomycota","Eurotiomycetes","Eurotiales","Aspergillaceae","Penicillium","Penicillium_bialowiezense"
"ASV.1354","Fungi","Basidiomycota","Agaricomycetes","Cantharellales","Clavulinaceae","Clavulinaceae_gen_Incertae_sedis","Clavulinaceae_sp"
"ASV.1359","Fungi","Ascomycota","Dothideomycetes",NA,NA,NA,NA
"ASV.1362","Fungi","Ascomycota","Eurotiomycetes","Eurotiales","Aspergillaceae","Aspergillus",NA
"ASV.1367","Fungi","Ascomycota","Dothideomycetes","Dothideales","Saccotheciaceae","Aureobasidium",NA
"ASV.1370","Fungi","Basidiomycota","Agaricomycetes","Polyporales","Polyporaceae","Trametes","Trametes_versicolor"
"ASV.1371","Fungi",NA,NA,NA,NA,NA,NA
"ASV.1373","Fungi",NA,NA,NA,NA,NA,NA
"ASV.1380","Fungi","Ascomycota","Sordariomycetes","Microascales","Microascaceae","Cephalotrichum",NA
"ASV.1390","Fungi","Ascomycota","Dothideomycetes","Dothideales","Saccotheciaceae",NA,NA
"ASV.1395","Fungi","Basidiomycota","Agaricomycetes","Agaricales","Lycoperdaceae","Bovista","Bovista_promontorii"
"ASV.1398","Fungi","Ascomycota","Dothideomycetes","Cladosporiales","Cladosporiaceae","Cladosporium","Cladosporium_herbarum"
"ASV.1408","Fungi","Ascomycota","Saccharomycetes","Saccharomycetales","Debaryomycetaceae","Yamadazyma","Yamadazyma_sp"
"ASV.1409","Fungi","Basidiomycota","Agaricostilbomycetes","Agaricostilbales","Chionosphaeraceae","Kurtzmanomyces","Kurtzmanomyces_sp"
"ASV.1412","Fungi",NA,NA,NA,NA,NA,NA
"ASV.1414","Fungi","Ascomycota",NA,NA,NA,NA,NA
"ASV.1415","Fungi","Basidiomycota","Cystobasidiomycetes",NA,NA,NA,NA
"ASV.1416","Fungi","Ascomycota","Dothideomycetes","Pleosporales","Pleosporales_fam_Incertae_sedis","Chalastospora","Chalastospora_gossypii"
"ASV.1418","Fungi","Basidiomycota","Agaricomycetes","Agaricales","Physalacriaceae","Armillaria","Armillaria_borealis"
"ASV.1419","Fungi","Basidiomycota","Tremellomycetes","Tremellales","Rhynchogastremaceae",NA,NA
"ASV.1421","Fungi","Ascomycota","Eurotiomycetes","Eurotiales","Aspergillaceae","Penicillium","Penicillium_sp"
"ASV.1423","Fungi","Ascomycota","Saccharomycetes","Saccharomycetales","Saccharomycetales_fam_Incertae_sedis","Candida","Candida_saitoana"
"ASV.1425","Fungi","Ascomycota","Saccharomycetes","Saccharomycetales","Saccharomycetaceae","Lachancea",NA
"ASV.1432","Fungi","Fungi_phy_Incertae_sedis","Fungi_cls_Incertae_sedis","Fungi_ord_Incertae_sedis","Fungi_fam_Incertae_sedis","Fungi_gen_Incertae_sedis","Fungi_sp"
"ASV.1435","Fungi","Ascomycota","Lecanoromycetes","Teloschistales","Teloschistaceae","Polycauliona","Polycauliona_candelaria"
"ASV.1437","Fungi","Basidiomycota","Agaricomycetes","Polyporales","Polyporaceae",NA,NA
"ASV.1439","Fungi","Ascomycota","Dothideomycetes","Pleosporales","Didymellaceae",NA,NA
"ASV.1443","Fungi","Basidiomycota","Agaricomycetes","Agaricales","Strophariaceae","Hypholoma","Hypholoma_lateritium"
"ASV.1449","Fungi","Ascomycota","Dothideomycetes","Pleosporales","Phaeosphaeriaceae","Neostagonospora",NA
"ASV.1450","Fungi","Ascomycota",NA,NA,NA,NA,NA
"ASV.1452","Fungi","Basidiomycota","Cystobasidiomycetes","Cystobasidiomycetes_ord_Incertae_sedis","Symmetrosporaceae","Symmetrospora",NA
"ASV.1458","Fungi","Basidiomycota","Agaricomycetes","Agaricales",NA,NA,NA
"ASV.1464","Fungi","Basidiomycota","Microbotryomycetes","Sporidiobolales","Sporidiobolaceae","Sporobolomyces",NA
"ASV.1471","Fungi","Ascomycota","Eurotiomycetes","Eurotiales","Aspergillaceae","Penicillium",NA
"ASV.1473","Fungi","Ascomycota","Leotiomycetes","Helotiales","Erysiphaceae","Blumeria",NA
"ASV.1474","Fungi","Basidiomycota","Tremellomycetes","Filobasidiales","Filobasidiaceae","Naganishia",NA
"ASV.1475","Fungi","Ascomycota","Ascomycota_cls_Incertae_sedis","Ascomycota_ord_Incertae_sedis","Ascomycota_fam_Incertae_sedis","Ascomycota_gen_Incertae_sedis","Ascomycota_sp"
"ASV.1476","Fungi","Basidiomycota","Tremellomycetes","Cystofilobasidiales","Mrakiaceae","Udeniomyces","Udeniomyces_puniceus"
"ASV.1477","Fungi","Basidiomycota","Agaricomycetes","Hymenochaetales","Rickenellaceae","Peniophorella","Peniophorella_pubera"
"ASV.1478","Fungi","Ascomycota","Dothideomycetes","Dothideales","Dothideaceae",NA,NA
"ASV.1481","Fungi","Basidiomycota","Agaricomycetes","Agaricales",NA,NA,NA
"ASV.1483","Fungi","Ascomycota","Leotiomycetes","Helotiales","Erysiphaceae","Podosphaera",NA
"ASV.1487","Fungi","Ascomycota","Lecanoromycetes","Teloschistales","Teloschistaceae","Polycauliona","Polycauliona_candelaria"
"ASV.1489","Fungi","Ascomycota","Dothideomycetes","Dothideales","Saccotheciaceae","Aureobasidium",NA
"ASV.1490","Fungi","Ascomycota","Dothideomycetes","Pleosporales","Pleosporaceae","Alternaria",NA
"ASV.1492","Fungi","Ascomycota","Eurotiomycetes","Eurotiales","Aspergillaceae","Aspergillus","Aspergillus_ruber"
"ASV.1494","Fungi","Basidiomycota","Agaricomycetes","Russulales","Peniophoraceae","Peniophora",NA
"ASV.1496","Fungi","Ascomycota","Ascomycota_cls_Incertae_sedis","Ascomycota_ord_Incertae_sedis","Ascomycota_fam_Incertae_sedis","Ascomycota_gen_Incertae_sedis","Ascomycota_sp"
"ASV.1497","Fungi",NA,NA,NA,NA,NA,NA
"ASV.1507","Fungi","Basidiomycota","Agaricomycetes","Trechisporales","Hydnodontaceae","Subulicystidium","Subulicystidium_meridense"
"ASV.1513","Fungi","Ascomycota","Leotiomycetes","Helotiales","Myxotrichaceae","Oidiodendron",NA
"ASV.1516","Fungi","Ascomycota","Dothideomycetes","Pleosporales",NA,NA,NA
"ASV.1520","Fungi","Ascomycota","Sordariomycetes","Sordariales","Chaetomiaceae","Mycothermus","Mycothermus_thermophilus"
"ASV.1523","Fungi","Ascomycota",NA,NA,NA,NA,NA
"ASV.1525","Fungi","Ascomycota","Sordariomycetes","Phomatosporales","Phomatosporaceae","Phomatospora","Phomatospora_biseriata"
"ASV.1526","Fungi","Ascomycota","Sordariomycetes","Amphisphaeriales","Sporocadaceae",NA,NA
"ASV.1527","Fungi","Basidiomycota","Agaricomycetes","Russulales","Peniophoraceae",NA,NA
"ASV.1533","Fungi","Ascomycota","Eurotiomycetes","Eurotiales","Aspergillaceae","Aspergillus",NA
"ASV.1535","Fungi","Ascomycota",NA,NA,NA,NA,NA
"ASV.1540","Fungi",NA,NA,NA,NA,NA,NA
"ASV.1544","Fungi","Basidiomycota","Agaricomycetes","Hymenochaetales","Hymenochaetales_fam_Incertae_sedis","Hymenochaetales_gen_Incertae_sedis","Hymenochaetales_sp"
"ASV.1547","Fungi","Basidiomycota","Agaricomycetes","Polyporales","Polyporaceae",NA,NA
"ASV.1550","Fungi",NA,NA,NA,NA,NA,NA
"ASV.1551","Fungi","Ascomycota","Leotiomycetes","Helotiales","Erysiphaceae","Podosphaera",NA
"ASV.1554","Fungi","Ascomycota","Dothideomycetes","Pleosporales","Lentitheciaceae","Keissleriella","Keissleriella_rosacearum"
"ASV.1555","Fungi","Ascomycota","Dothideomycetes","Pleosporales","Pleosporales_fam_Incertae_sedis","Pleosporales_gen_Incertae_sedis","Pleosporales_sp"
"ASV.1556","Fungi","Ascomycota","Dothideomycetes","Dothideomycetes_ord_Incertae_sedis","Dothideomycetes_fam_Incertae_sedis","Radulidium","Radulidium_subulatum"
"ASV.1557","Fungi","Ascomycota",NA,NA,NA,NA,NA
"ASV.1558","Fungi","Ascomycota","Leotiomycetes","Leotiomycetes_ord_Incertae_sedis","Leotiomycetes_fam_Incertae_sedis","Leotiomycetes_gen_Incertae_sedis","Leotiomycetes_sp"
"ASV.1559","Fungi","Ascomycota","Saccharomycetes","Saccharomycetales","Pichiaceae","Pichia","Pichia_kudriavzevii"
"ASV.1560","Fungi","Mucoromycota","Mucoromycetes","Mucorales","Rhizopodaceae","Rhizopus",NA
"ASV.1563","Fungi","Basidiomycota","Agaricomycetes","Agaricales","Omphalotaceae","Rhodocollybia",NA
"ASV.1566","Fungi","Basidiomycota","Agaricomycetes","Polyporales","Steccherinaceae","Steccherinum","Steccherinum_ochraceum"
"ASV.1568","Fungi","Ascomycota","Leotiomycetes","Helotiales","Erysiphaceae","Erysiphe",NA
"ASV.1571","Fungi","Basidiomycota","Malasseziomycetes","Malasseziales","Malasseziaceae","Malassezia",NA
"ASV.1580","Fungi","Basidiomycota","Agaricomycetes","Agaricales","Psathyrellaceae","Coprinellus","Coprinellus_micaceus"
"ASV.1581","Fungi","Ascomycota","Sordariomycetes","Sordariomycetes_ord_Incertae_sedis","Sordariomycetes_fam_Incertae_sedis","Sordariomycetes_gen_Incertae_sedis","Sordariomycetes_sp"
"ASV.1584","Fungi","Basidiomycota",NA,NA,NA,NA,NA
"ASV.1585","Fungi","Mucoromycota","Mucoromycetes","Mucorales","Rhizopodaceae","Rhizopus","Rhizopus_microsporus"
"ASV.1589","Fungi","Mucoromycota","Mucoromycetes","Mucorales","Mucoraceae","Mucor",NA
"ASV.1591","Fungi","Ascomycota","Eurotiomycetes","Eurotiales","Aspergillaceae","Aspergillus",NA
"ASV.1593","Fungi","Ascomycota","Leotiomycetes","Helotiales","Erysiphaceae","Blumeria",NA
"ASV.1595","Fungi","Ascomycota","Dothideomycetes","Pleosporales","Pleosporales_fam_Incertae_sedis","Pleosporales_gen_Incertae_sedis","Pleosporales_sp"
"ASV.1596","Fungi","Ascomycota","Eurotiomycetes","Ascosphaerales","Ascosphaeraceae","Ascosphaera",NA
"ASV.1598","Fungi","Ascomycota","Dothideomycetes","Pleosporales","Didymellaceae",NA,NA
"ASV.1599","Fungi","Ascomycota","Dothideomycetes","Pleosporales","Sporormiaceae","Sporormiella","Sporormiella_intermedia"
"ASV.1601","Fungi","Ascomycota","Eurotiomycetes","Eurotiales","Trichocomaceae","Talaromyces","Talaromyces_brunneosporus"
"ASV.1602","Fungi","Ascomycota","Eurotiomycetes","Eurotiales","Trichocomaceae","Talaromyces",NA
"ASV.1603","Fungi","Ascomycota","Dothideomycetes","Pleosporales","Pleosporaceae","Alternaria",NA
"ASV.1607","Fungi","Basidiomycota","Pucciniomycetes","Pucciniales","Pucciniaceae",NA,NA
"ASV.1613","Fungi","Basidiomycota","Tremellomycetes","Cystofilobasidiales","Mrakiaceae","Udeniomyces","Udeniomyces_puniceus"
"ASV.1616","Fungi",NA,NA,NA,NA,NA,NA
"ASV.1617","Fungi","Basidiomycota","Tremellomycetes","Tremellales",NA,NA,NA
"ASV.1618","Fungi","Ascomycota","Leotiomycetes","Helotiales",NA,NA,NA
"ASV.1624","Fungi",NA,NA,NA,NA,NA,NA
"ASV.1628","Fungi","Basidiomycota","Agaricomycetes","Agaricales",NA,NA,NA
"ASV.1632","Fungi","Ascomycota","Arthoniomycetes","Lichenostigmatales","Phaeococcomycetaceae","Phaeococcomyces","Phaeococcomyces_sp"
"ASV.1634","Fungi","Ascomycota","Pezizomycetes","Pezizales","Pezizaceae",NA,NA
"ASV.1635","Fungi","Ascomycota","Dothideomycetes","Pleosporales","Didymellaceae",NA,NA
"ASV.1639","Fungi","Ascomycota","Saccharomycetes","Saccharomycetales","Saccharomycopsidaceae","Saccharomycopsis","Saccharomycopsis_fibuligera"
"ASV.1642","Fungi","Basidiomycota","Agaricomycetes",NA,NA,NA,NA
"ASV.1644","Fungi","Ascomycota","Dothideomycetes","Pleosporales",NA,NA,NA
"ASV.1645","Fungi","Ascomycota","Leotiomycetes","Helotiales","Erysiphaceae","Erysiphe","Erysiphe_quercicola"
"ASV.1648","Fungi","Mucoromycota","Mucoromycetes","Mucorales","Rhizopodaceae","Rhizopus","Rhizopus_arrhizus"
"ASV.1649","Fungi","Ascomycota","Dothideomycetes","Pleosporales","Pleosporales_fam_Incertae_sedis","Chalastospora","Chalastospora_gossypii"
"ASV.1652","Fungi","Basidiomycota","Tremellomycetes","Tremellales","Phaeotremellaceae","Gelidatrema","Gelidatrema_spencermartinsiae"
"ASV.1653","Fungi","Ascomycota","Dothideomycetes","Pleosporales","Sporormiaceae",NA,NA
"ASV.1654","Fungi","Ascomycota","Dothideomycetes","Pleosporales","Pleosporaceae",NA,NA
"ASV.1656","Fungi","Ascomycota","Taphrinomycetes","Taphrinales","Protomycetaceae","Protomyces","Protomyces_inouyei"
"ASV.1659","Fungi","Ascomycota","Eurotiomycetes","Eurotiales","Aspergillaceae",NA,NA
"ASV.1662","Fungi","Ascomycota","Dothideomycetes","Pleosporales","Pleosporales_fam_Incertae_sedis","Pleosporales_gen_Incertae_sedis","Pleosporales_sp"
"ASV.1667","Fungi","Ascomycota","Sordariomycetes","Hypocreales","Nectriaceae",NA,NA
"ASV.1671","Fungi","Ascomycota","Sordariomycetes","Sordariales","Chaetomiaceae","Chaetomium",NA
"ASV.1673","Fungi","Basidiomycota","Tremellomycetes","Tremellales","Rhynchogastremaceae","Papiliotrema","Papiliotrema_flavescens"
"ASV.1676","Fungi","Ascomycota","Saccharomycetes","Saccharomycetales","Saccharomycetales_fam_Incertae_sedis","Diutina","Diutina_catenulata"
"ASV.1677","Fungi","Ascomycota","Dothideomycetes","Pleosporales","Hermatomycetaceae","Hermatomyces","Hermatomyces_tectonae"
"ASV.1678","Fungi","Ascomycota","Sordariomycetes","Hypocreales","Sarocladiaceae","Sarocladium",NA
"ASV.1680","Fungi","Ascomycota","Eurotiomycetes","Eurotiales","Aspergillaceae","Penicillium",NA
"ASV.1681","Fungi","Ascomycota","Sordariomycetes","Diaporthales","Diaporthaceae","Diaporthe","Diaporthe_toxica"
"ASV.1684","Fungi","Ascomycota","Dothideomycetes","Pleosporales","Pleosporaceae",NA,NA
"ASV.1686","Fungi","Mucoromycota","Mucoromycetes","Mucorales","Lichtheimiaceae","Lichtheimia","Lichtheimia_corymbifera"
"ASV.1687","Fungi","Basidiomycota","Agaricomycetes","Trechisporales","Hydnodontaceae","Trechispora","Trechispora_stellulata"
"ASV.1691","Fungi","Ascomycota","Sordariomycetes","Hypocreales",NA,NA,NA
"ASV.1696","Fungi","Basidiomycota","Tremellomycetes","Filobasidiales","Filobasidiaceae","Filobasidium","Filobasidium_wieringae"
"ASV.1697","Fungi","Ascomycota","Sordariomycetes","Microascales","Microascaceae","Cephalotrichum",NA
"ASV.1703","Fungi","Basidiomycota","Tremellomycetes","Tremellales","Trimorphomycetaceae","Saitozyma","Saitozyma_podzolica"
"ASV.1704","Fungi","Ascomycota","Dothideomycetes","Pleosporales","Neohendersoniaceae","Crassiparies","Crassiparies_quadrisporus"
"ASV.1705","Fungi","Ascomycota","Sordariomycetes","Hypocreales",NA,NA,NA
"ASV.1706","Fungi","Ascomycota","Eurotiomycetes","Eurotiales","Trichocomaceae","Talaromyces",NA
"ASV.1708","Fungi","Basidiomycota","Agaricomycetes","Polyporales","Podoscyphaceae","Hypochnicium","Hypochnicium_cremicolor"
"ASV.1710","Fungi","Ascomycota","Sordariomycetes","Hypocreales","Nectriaceae",NA,NA
"ASV.1712","Fungi","Ascomycota","Sordariomycetes","Hypocreales","Bionectriaceae","Geosmithia","Geosmithia_sp"
"ASV.1714","Fungi",NA,NA,NA,NA,NA,NA
"ASV.1715","Fungi","Basidiomycota","Cystobasidiomycetes","Cystobasidiales","Cystobasidiaceae","Cystobasidium",NA
"ASV.1717","Fungi",NA,NA,NA,NA,NA,NA
"ASV.1718","Fungi","Basidiomycota","Tremellomycetes","Tremellales","Bulleribasidiaceae","Vishniacozyma","Vishniacozyma_victoriae"
"ASV.1719","Fungi","Ascomycota","Sordariomycetes","Hypocreales",NA,NA,NA
"ASV.1721","Fungi","Basidiomycota","Tremellomycetes","Cystofilobasidiales","Mrakiaceae","Itersonilia","Itersonilia_pannonica"
"ASV.1723","Fungi","Ascomycota","Eurotiomycetes","Eurotiales","Aspergillaceae","Monascus","Monascus_purpureus"
"ASV.1725","Fungi","Basidiomycota","Agaricomycetes","Agaricales","Cystostereaceae","Crustomyces","Crustomyces_subabruptus"
"ASV.1726","Fungi","Basidiomycota","Tremellomycetes",NA,NA,NA,NA
