rowname;Site;Plant_species;Site_invasion_level;total_abundance
A_L_1;Aikawa;Goldfield;Medium;0.807265388
A_L_6;Aikawa;Goldfield;Medium;0.390398312
A_L_8;Aikawa;Goldfield;Medium;0.215869312
A_L_9;Aikawa;Goldfield;Medium;1.124533275
A_T_0_6;Aikawa;Clover;Medium;0.033869602
A_T_1_8;Aikawa;Clover;Medium;0.429260261
A_T_10_1;Aikawa;Clover;Medium;0.691683002
A_T_10_12;Aikawa;Clover;Medium;1.73852573
A_T_10_15;Aikawa;Clover;Medium;0.37769281
A_T_10_6;Aikawa;Clover;Medium;0.033742331
A_T_5_13;Aikawa;Clover;Medium;2.574329224
A_T_5_3;Aikawa;Clover;Medium;0.164615505
A_T_5_5;Aikawa;Clover;Medium;3.668229061
A_T_50_5;Aikawa;Clover;Medium;0.644994469
A_V_1;Aikawa;Vetch;Medium;7.05211768
A_V_1_5;Aikawa;Vetch;Medium;13.37101197
A_V_11;Aikawa;Vetch;Medium;0.617429143
B_L_12;Bertha;Goldfield;Low;0.134102186
B_L_14;Bertha;Goldfield;Low;0.717269646
B_L_6;Bertha;Goldfield;Low;0.061207002
B_L_9;Bertha;Goldfield;Low;4.152561499
B_T_0_13;Bertha;Clover;Low;0.977508498
B_T_0_6;Bertha;Clover;Low;0.76415265
B_T_0_8;Bertha;Clover;Low;0.055560153
B_T_0_9;Bertha;Clover;Low;0.553246753
B_T_1_4;Bertha;Clover;Low;0.081210988
B_T_1_5;Bertha;Clover;Low;0.526183464
B_T_1_8;Bertha;Clover;Low;0.087382034
B_T_10_15;Bertha;Clover;Low;0.149812734
B_T_10_4;Bertha;Clover;Low;0.273020601
B_T_5_1;Bertha;Clover;Low;0.007880065
B_T_5_11;Bertha;Clover;Low;0.083667268
B_T_5_12;Bertha;Clover;Low;0.213300938
B_T_5_9;Bertha;Clover;Low;0.039966528
B_T_50_12;Bertha;Clover;Low;0.839222615
B_V_11;Bertha;Vetch;Low;1.181797253
B_V_12;Bertha;Vetch;Low;1.072279587
B_V_13;Bertha;Vetch;Low;3.010468544
B_V_14;Bertha;Vetch;Low;2.777543978
G_L_5;Goatgrass;Goldfield;Low;14.83920689
G_L_9;Goatgrass;Goldfield;Low;1.42394822
G_T_0_14;Goatgrass;Clover;Low;5.396023982
G_T_10_11;Goatgrass;Clover;Low;3.428179637
G_T_10_14;Goatgrass;Clover;Low;0.592587071
G_T_5_14;Goatgrass;Clover;Low;4.446394618
G_T_5_4;Goatgrass;Clover;Low;0.08634974
G_T_50_1;Goatgrass;Clover;Low;0.238429631
G_T_50_11;Goatgrass;Clover;Low;0.609059476
G_T_50_13;Goatgrass;Clover;Low;0.419998385
G_T_50_4;Goatgrass;Clover;Low;0.779002876
G_V_1;Goatgrass;Vetch;Low;0.803068441
L_L_10;Long;Goldfield;High;0.816761364
L_L_4;Long;Goldfield;High;1.446839167
L_T_0_6;Long;Clover;High;0.148794762
L_T_0_9;Long;Clover;High;0.977261732
L_T_1_10;Long;Clover;High;0.871825904
L_T_1_6;Long;Clover;High;0.168590988
L_T_10_11;Long;Clover;High;1.953300404
L_T_10_13;Long;Clover;High;1.55088853
L_T_10_15;Long;Clover;High;0.102139829
L_T_5_13;Long;Clover;High;0.054100008
L_T_5_8;Long;Clover;High;0.13947634
L_T_5_9;Long;Clover;High;0.053432454
L_T_50_11;Long;Clover;High;1.302811718
L_T_50_13;Long;Clover;High;1.364038973
L_T_50_3;Long;Clover;High;0.63584438
L_T_50_6;Long;Clover;High;0.186773658
L_T_50_9;Long;Clover;High;1.214919208
L_V_1;Long;Vetch;High;0.216892295
L_V_6;Long;Vetch;High;0.20716031
Q_10_0_12;Quarry;Clover;Medium;0.009018352
Q_L_13;Quarry;Goldfield;Medium;0.016223232
Q_L_6;Quarry;Goldfield;Medium;0.744065194
Q_T_0_8;Quarry;Clover;Medium;2.680273635
Q_T_1_11;Quarry;Clover;Medium;3.183023873
Q_T_1_15;Quarry;Clover;Medium;3.435744962
Q_T_10_1;Quarry;Clover;Medium;2.546514619
Q_T_10_15;Quarry;Clover;Medium;34.20316869
Q_T_10_7;Quarry;Clover;Medium;10.35363207
Q_T_5_10;Quarry;Clover;Medium;0.828344132
Q_T_5_15;Quarry;Clover;Medium;35.18554498
Q_V_14;Quarry;Vetch;Medium;0.775892598
Q_V_2;Quarry;Vetch;Medium;0.564061241
R_T_1_1;Rock;Clover;High;0.235968313
R_T_1_11;Rock;Clover;High;3.390410959
R_T_1_2;Rock;Clover;High;1.099332548
R_T_1_3;Rock;Clover;High;0.19101328
R_T_5_14;Rock;Clover;High;0.635696822
R_T_5_15;Rock;Clover;High;0.743427017
R_T_5_3;Rock;Clover;High;5.919220056
R_T_50_11;Rock;Clover;High;0.129262313
R_T_50_5;Rock;Clover;High;2.66798419
R_T_50_6;Rock;Clover;High;0.006362335
R_V_7;Rock;Vetch;High;0.278288399