"","kingdom","phylum","class","order","family","genus","species"
"ASV.2","Fungi",NA,NA,NA,NA,NA,NA
"ASV.4","Fungi","Basidiomycota","Tremellomycetes","Filobasidiales","Filobasidiaceae","Filobasidium",NA
"ASV.6","Fungi","Basidiomycota","Tremellomycetes","Tremellales","Rhynchogastremataceae","Papiliotrema",NA
"ASV.7","Fungi","Ascomycota","Dothideomycetes",NA,NA,NA,NA
"ASV.8","Fungi",NA,NA,NA,NA,NA,NA
"ASV.9","Fungi",NA,NA,NA,NA,NA,NA
"ASV.10","Fungi","Ascomycota","Leotiomycetes","Erysiphales","Erysiphaceae","Podosphaera",NA
"ASV.11","Fungi",NA,NA,NA,NA,NA,NA
"ASV.12","Fungi","Ascomycota","Dothideomycetes","Dothideales",NA,NA,NA
"ASV.14","Fungi","Ascomycota","Dothideomycetes","Pleosporales","Pleosporaceae",NA,NA
"ASV.15","Fungi","Basidiomycota",NA,NA,NA,NA,NA
"ASV.16","Fungi","Ascomycota","Dothideomycetes","Pleosporales","Pleosporaceae","Alternaria",NA
"ASV.17","Fungi",NA,NA,NA,NA,NA,NA
"ASV.18","Fungi","Ascomycota",NA,NA,NA,NA,NA
"ASV.21","Fungi",NA,NA,NA,NA,NA,NA
"ASV.23","Fungi","Ascomycota","Dothideomycetes","Pleosporales","Pleosporaceae","Alternaria",NA
"ASV.24","Fungi","Basidiomycota","Tremellomycetes","Filobasidiales","Filobasidiaceae","Filobasidium","Filobasidium_chernovii"
"ASV.26","Fungi","Ascomycota","Sordariomycetes","Hypocreales","Nectriaceae",NA,NA
"ASV.28","Fungi","Basidiomycota","Tremellomycetes","Cystofilobasidiales","Cystofilobasidiaceae","Cystofilobasidium","Cystofilobasidium_macerans"
"ASV.29","Fungi",NA,NA,NA,NA,NA,NA
"ASV.31","Fungi","Basidiomycota","Microbotryomycetes","Sporidiobolales","Sporidiobolaceae","Sporobolomyces",NA
"ASV.32","Fungi","Ascomycota","Dothideomycetes","Dothideales",NA,NA,NA
"ASV.33","Fungi","Ascomycota","Taphrinomycetes","Taphrinales","Protomycetaceae","Protomyces",NA
"ASV.34","Fungi","Ascomycota","Dothideomycetes","Pleosporales","Pleosporales_fam_Incertae_sedis","Chalastospora","Chalastospora_gossypii"
"ASV.36","Fungi","Ascomycota","Dothideomycetes","Capnodiales","Cladosporiaceae","Rachicladosporium",NA
"ASV.37","Fungi","Ascomycota",NA,NA,NA,NA,NA
"ASV.38","Fungi","Ascomycota",NA,NA,NA,NA,NA
"ASV.40","Fungi","Ascomycota","Dothideomycetes","Dothideales","Dothideaceae","Endoconidioma",NA
"ASV.41","Fungi","Basidiomycota","Malasseziomycetes","Malasseziales","Malasseziaceae","Malassezia","Malassezia_restricta"
"ASV.42","Fungi","Ascomycota","Dothideomycetes","Mycosphaerellales","Teratosphaeriaceae","Fodinomyces","Fodinomyces_uranophilus"
"ASV.44","Fungi","Basidiomycota","Tremellomycetes","Filobasidiales","Filobasidiaceae","Naganishia",NA
"ASV.45","Fungi","Ascomycota","Dothideomycetes","Pleosporales",NA,NA,NA
"ASV.46","Fungi","Ascomycota","Dothideomycetes",NA,NA,NA,NA
"ASV.47","Fungi","Ascomycota","Dothideomycetes","Pleosporales","Pleosporaceae","Alternaria",NA
"ASV.50","Fungi",NA,NA,NA,NA,NA,NA
"ASV.54","Fungi","Ascomycota","Eurotiomycetes","Eurotiales","Aspergillaceae","Penicillium",NA
"ASV.55","Fungi","Ascomycota",NA,NA,NA,NA,NA
"ASV.56","Fungi","Ascomycota","Dothideomycetes",NA,NA,NA,NA
"ASV.57","Fungi",NA,NA,NA,NA,NA,NA
"ASV.62","Fungi","Basidiomycota","Tremellomycetes","Tremellales","Bulleribasidiaceae","Vishniacozyma",NA
"ASV.64","Fungi","Ascomycota","Leotiomycetes","Helotiales","Sclerotiniaceae",NA,NA
"ASV.65","Fungi","Ascomycota","Leotiomycetes","Erysiphales","Erysiphaceae","Podosphaera",NA
"ASV.66","Fungi","Ascomycota","Dothideomycetes","Pleosporales","Didymosphaeriaceae","Pseudopithomyces","Pseudopithomyces_angolensis"
"ASV.68","Fungi","Ascomycota","Taphrinomycetes","Taphrinales","Protomycetaceae","Protomyces","Protomyces_inouyei"
"ASV.69","Fungi","Basidiomycota","Ustilaginomycetes","Ustilaginales","Ustilaginaceae","Ustilago","Ustilago_hordei"
"ASV.71","Fungi","Ascomycota","Eurotiomycetes","Eurotiales","Aspergillaceae","Penicillium",NA
"ASV.75","Fungi","Ascomycota","Dothideomycetes","Dothideomycetes_ord_Incertae_sedis","Dothideomycetes_fam_Incertae_sedis","Dothideomycetes_gen_Incertae_sedis","Dothideomycetes_sp"
"ASV.76","Fungi","Ascomycota",NA,NA,NA,NA,NA
"ASV.77","Fungi","Basidiomycota","Microbotryomycetes","Sporidiobolales","Sporidiobolaceae",NA,NA
"ASV.79","Fungi",NA,NA,NA,NA,NA,NA
"ASV.82","Fungi","Ascomycota","Dothideomycetes","Pleosporales",NA,NA,NA
"ASV.83","Fungi","Basidiomycota","Microbotryomycetes","Sporidiobolales","Sporidiobolaceae","Sporobolomyces",NA
"ASV.84","Fungi","Ascomycota",NA,NA,NA,NA,NA
"ASV.85","Fungi","Ascomycota","Dothideomycetes","Pleosporales","Sporormiaceae","Preussia",NA
"ASV.86","Fungi","Ascomycota","Dothideomycetes","Pleosporales","Didymosphaeriaceae","Paracamarosporium",NA
"ASV.87","Fungi","Ascomycota","Leotiomycetes","Helotiales","Helotiaceae","Acidea","Acidea_extrema"
"ASV.88","Fungi","Ascomycota","Dothideomycetes","Pleosporales","Pleosporaceae","Alternaria","Alternaria_rosae"
"ASV.92","Fungi","Ascomycota","Sordariomycetes","Hypocreales","Cordycipitaceae","Beauveria",NA
"ASV.93","Fungi","Ascomycota","Leotiomycetes","Erysiphales","Erysiphaceae","Podosphaera",NA
"ASV.94","Fungi","Ascomycota","Dothideomycetes","Pleosporales","Didymellaceae",NA,NA
"ASV.95","Fungi","Basidiomycota","Basidiomycota_cls_Incertae_sedis","Basidiomycota_ord_Incertae_sedis","Basidiomycota_fam_Incertae_sedis","Basidiomycota_gen_Incertae_sedis","Basidiomycota_sp"
"ASV.98","Fungi","Basidiomycota","Tremellomycetes","Tremellales","Cryptococcaceae","Cryptococcus",NA
"ASV.102","Fungi","Ascomycota","Eurotiomycetes","Eurotiales","Aspergillaceae","Aspergillus","Aspergillus_campestris"
"ASV.103","Fungi","Ascomycota","Dothideomycetes","Pleosporales",NA,NA,NA
"ASV.104","Fungi",NA,NA,NA,NA,NA,NA
"ASV.106","Fungi","Ascomycota","Taphrinomycetes","Taphrinales","Protomycetaceae",NA,NA
"ASV.108","Fungi","Ascomycota","Dothideomycetes","Pleosporales","Pleosporaceae",NA,NA
"ASV.110","Fungi","Ascomycota","Dothideomycetes",NA,NA,NA,NA
"ASV.111","Fungi",NA,NA,NA,NA,NA,NA
"ASV.112","Fungi","Ascomycota",NA,NA,NA,NA,NA
"ASV.113","Fungi","Ascomycota","Sordariomycetes","Xylariales","Graphostromataceae","Biscogniauxia",NA
"ASV.114","Fungi","Ascomycota","Eurotiomycetes","Eurotiales","Aspergillaceae","Aspergillus",NA
"ASV.115","Fungi","Ascomycota","Sordariomycetes","Xylariales","Graphostromataceae","Biscogniauxia",NA
"ASV.119","Fungi","Basidiomycota","Tremellomycetes","Tremellales","Bulleribasidiaceae","Dioszegia","Dioszegia_patagonica"
"ASV.122","Fungi","Ascomycota","Dothideomycetes","Pleosporales","Pleosporaceae",NA,NA
"ASV.125","Fungi","Ascomycota","Dothideomycetes","Pleosporales","Pleosporaceae","Comoclathris","Comoclathris_sp"
"ASV.126","Fungi","Ascomycota","Eurotiomycetes","Eurotiales","Aspergillaceae",NA,NA
"ASV.129","Fungi","Basidiomycota","Tremellomycetes",NA,NA,NA,NA
"ASV.134","Fungi","Ascomycota","Dothideomycetes","Pleosporales","Phaeosphaeriaceae",NA,NA
"ASV.136","Fungi","Ascomycota","Pezizomycetes","Pezizales","Pyronemataceae","Geopyxis","Geopyxis_carbonaria"
"ASV.137","Fungi","Ascomycota","Arthoniomycetes","Lichenostigmatales","Phaeococcomycetaceae",NA,NA
"ASV.138","Fungi","Ascomycota","Eurotiomycetes","Chaetothyriales","Cyphellophoraceae","Cyphellophora","Cyphellophora_fusarioides"
"ASV.140","Fungi","Basidiomycota","Agaricomycetes","Agaricales","Psathyrellaceae","Psathyrella",NA
"ASV.141","Fungi","Basidiomycota","Tremellomycetes","Tremellales","Rhynchogastremataceae","Papiliotrema",NA
"ASV.142","Fungi","Fungi_phy_Incertae_sedis","Fungi_cls_Incertae_sedis","Fungi_ord_Incertae_sedis","Fungi_fam_Incertae_sedis","Fungi_gen_Incertae_sedis","Fungi_sp"
"ASV.144","Fungi","Ascomycota","Dothideomycetes","Venturiales","Venturiaceae","Tyrannosorus",NA
"ASV.145","Fungi","Basidiomycota","Tremellomycetes","Tremellales","Rhynchogastremataceae","Papiliotrema","Papiliotrema_frias"
"ASV.146","Fungi","Ascomycota","Dothideomycetes","Pleosporales","Pleosporaceae","Alternaria","Alternaria_infectoria"
"ASV.149","Fungi","Fungi_phy_Incertae_sedis","Fungi_cls_Incertae_sedis","Fungi_ord_Incertae_sedis","Fungi_fam_Incertae_sedis","Fungi_gen_Incertae_sedis","Fungi_sp"
"ASV.152","Fungi",NA,NA,NA,NA,NA,NA
"ASV.155","Fungi","Ascomycota","Eurotiomycetes","Eurotiales","Aspergillaceae","Penicillium",NA
"ASV.156","Fungi","Ascomycota","Sordariomycetes","Hypocreales","Hypocreales_fam_Incertae_sedis","Sarocladium",NA
"ASV.158","Fungi","Basidiomycota","Cystobasidiomycetes","Cystobasidiomycetes_ord_Incertae_sedis","Buckleyzymaceae","Buckleyzyma","Buckleyzyma_salicina"
"ASV.159","Fungi","Basidiomycota",NA,NA,NA,NA,NA
"ASV.160","Fungi",NA,NA,NA,NA,NA,NA
"ASV.163","Fungi","Ascomycota",NA,NA,NA,NA,NA
"ASV.167","Fungi","Fungi_phy_Incertae_sedis","Fungi_cls_Incertae_sedis","Fungi_ord_Incertae_sedis","Fungi_fam_Incertae_sedis","Fungi_gen_Incertae_sedis","Fungi_sp"
"ASV.169","Fungi","Ascomycota","Taphrinomycetes","Taphrinales","Protomycetaceae","Protomyces",NA
"ASV.170","Fungi","Basidiomycota","Microbotryomycetes","Microbotryomycetes_ord_Incertae_sedis","Chrysozymaceae","Chrysozymaceae_gen_Incertae_sedis","Chrysozymaceae_sp"
"ASV.172","Fungi",NA,NA,NA,NA,NA,NA
"ASV.173","Fungi","Ascomycota","Dothideomycetes",NA,NA,NA,NA
"ASV.178","Fungi","Ascomycota",NA,NA,NA,NA,NA
"ASV.180","Fungi","Basidiomycota","Agaricomycetes","Agaricales","Psathyrellaceae",NA,NA
"ASV.181","Fungi","Ascomycota",NA,NA,NA,NA,NA
"ASV.184","Fungi","Basidiomycota","Tremellomycetes","Tremellales","Bulleribasidiaceae","Vishniacozyma","Vishniacozyma_tephrensis"
"ASV.185","Fungi","Ascomycota","Dothideomycetes","Pleosporales","Pleosporaceae","Alternaria",NA
"ASV.187","Fungi","Basidiomycota","Malasseziomycetes","Malasseziales","Malasseziaceae","Malassezia",NA
"ASV.189","Fungi","Basidiomycota","Malasseziomycetes","Malasseziales","Malasseziaceae","Malassezia","Malassezia_restricta"
"ASV.191","Fungi","Ascomycota","Sordariomycetes","Hypocreales","Nectriaceae","Fusarium",NA
"ASV.194","Fungi","Basidiomycota","Tremellomycetes","Filobasidiales","Filobasidiaceae","Naganishia",NA
"ASV.195","Fungi","Ascomycota","Sordariomycetes","Conioscyphales",NA,NA,NA
"ASV.197","Fungi",NA,NA,NA,NA,NA,NA
"ASV.200","Fungi",NA,NA,NA,NA,NA,NA
"ASV.202","Fungi","Ascomycota","Sordariomycetes","Xylariales","Graphostromataceae","Biscogniauxia",NA
"ASV.203","Fungi","Mortierellomycota","Mortierellomycetes","Mortierellales","Mortierellaceae","Mortierella",NA
"ASV.206","Fungi","Ascomycota","Dothideomycetes","Pleosporales","Didymellaceae",NA,NA
"ASV.209","Fungi","Ascomycota","Dothideomycetes","Pleosporales","Didymellaceae",NA,NA
"ASV.211","Fungi","Ascomycota","Sordariomycetes","Xylariales","Xylariaceae","Nemania","Nemania_sp"
"ASV.214","Fungi",NA,NA,NA,NA,NA,NA
"ASV.215","Fungi","Ascomycota","Dothideomycetes","Venturiales","Sympoventuriaceae","Ochroconis","Ochroconis_sp"
"ASV.216","Fungi","Ascomycota","Dothideomycetes","Botryosphaeriales","Planistromellaceae","Ramimonilia","Ramimonilia_apicalis"
"ASV.217","Fungi","Ascomycota","Dothideomycetes","Capnodiales","Cladosporiaceae",NA,NA
"ASV.220","Fungi","Ascomycota","Dothideomycetes",NA,NA,NA,NA
"ASV.226","Fungi","Ascomycota","Sordariomycetes","Glomerellales","Plectosphaerellaceae",NA,NA
"ASV.227","Fungi","Basidiomycota","Tremellomycetes","Tremellales","Trimorphomycetaceae","Saitozyma","Saitozyma_sp"
"ASV.230","Fungi","Ascomycota","Dothideomycetes","Pleosporales","Pleosporaceae","Alternaria",NA
"ASV.231","Fungi","Basidiomycota","Agaricomycetes",NA,NA,NA,NA
"ASV.234","Fungi","Basidiomycota","Malasseziomycetes","Malasseziales","Malasseziaceae","Malassezia",NA
"ASV.236","Fungi","Ascomycota","Leotiomycetes","Erysiphales","Erysiphaceae","Blumeria",NA
"ASV.237","Fungi",NA,NA,NA,NA,NA,NA
"ASV.238","Fungi",NA,NA,NA,NA,NA,NA
"ASV.240","Fungi","Ascomycota","Eurotiomycetes","Chaetothyriales","Herpotrichiellaceae","Exophiala","Exophiala_equina"
"ASV.241","Fungi","Ascomycota","Dothideomycetes","Dothideomycetes_ord_Incertae_sedis","Dothideomycetes_fam_Incertae_sedis","Dothideomycetes_gen_Incertae_sedis","Dothideomycetes_sp"
"ASV.242","Fungi","Ascomycota","Dothideomycetes","Pleosporales","Periconiaceae","Periconia","Periconia_neobrittanica"
"ASV.243","Fungi","Ascomycota","Sordariomycetes","Hypocreales","Hypocreaceae","Trichoderma",NA
"ASV.245","Fungi",NA,NA,NA,NA,NA,NA
"ASV.249","Fungi","Ascomycota","Eurotiomycetes","Eurotiales","Aspergillaceae","Talaromyces","Talaromyces_resedanus"
"ASV.250","Fungi","Ascomycota","Dothideomycetes","Pleosporales","Pleosporaceae",NA,NA
"ASV.252","Fungi","Ascomycota","Dothideomycetes","Dothideales",NA,NA,NA
"ASV.254","Fungi","Basidiomycota","Tremellomycetes","Cystofilobasidiales","Cystofilobasidiaceae","Cystofilobasidium","Cystofilobasidium_macerans"
"ASV.255","Fungi","Basidiomycota","Microbotryomycetes","Leucosporidiales","Leucosporidiaceae","Leucosporidiaceae_gen_Incertae_sedis","Leucosporidiaceae_sp"
"ASV.256","Fungi","Ascomycota","Sordariomycetes","Sordariales","Chaetomiaceae",NA,NA
"ASV.257","Fungi","Ascomycota",NA,NA,NA,NA,NA
"ASV.258","Fungi",NA,NA,NA,NA,NA,NA
"ASV.259","Fungi","Ascomycota","Sordariomycetes","Diaporthales","Valsaceae","Cytospora","Cytospora_parapistaciae"
"ASV.260","Fungi",NA,NA,NA,NA,NA,NA
"ASV.262","Fungi","Ascomycota","Dothideomycetes","Pleosporales","Pleosporaceae","Alternaria",NA
"ASV.265","Fungi",NA,NA,NA,NA,NA,NA
"ASV.267","Fungi","Basidiomycota","Tremellomycetes","Filobasidiales","Filobasidiaceae","Naganishia",NA
"ASV.268","Fungi",NA,NA,NA,NA,NA,NA
"ASV.272","Fungi",NA,NA,NA,NA,NA,NA
"ASV.276","Fungi","Basidiomycota","Agaricomycetes","Agaricales","Psathyrellaceae","Coprinopsis","Coprinopsis_sp"
"ASV.283","Fungi",NA,NA,NA,NA,NA,NA
"ASV.285","Fungi","Ascomycota","Dothideomycetes","Pleosporales","Pleosporaceae","Pleosporaceae_gen_Incertae_sedis","Pleosporaceae_sp"
"ASV.286","Fungi","Ascomycota","Dothideomycetes","Pleosporales","Pleosporaceae",NA,NA
"ASV.288","Fungi","Basidiomycota","Tremellomycetes","Filobasidiales","Filobasidiaceae","Naganishia",NA
"ASV.291","Fungi","Ascomycota","Dothideomycetes","Pleosporales","Phaeosphaeriaceae","Phaeosphaeria","Phaeosphaeria_sp"
"ASV.299","Fungi","Ascomycota",NA,NA,NA,NA,NA
"ASV.302","Fungi","Ascomycota","Eurotiomycetes","Eurotiales","Aspergillaceae",NA,NA
"ASV.303","Fungi","Ascomycota","Sordariomycetes","Diaporthales","Valsaceae","Cytospora","Cytospora_parapistaciae"
"ASV.306","Fungi",NA,NA,NA,NA,NA,NA
"ASV.307","Fungi","Ascomycota","Leotiomycetes","Erysiphales","Erysiphaceae","Erysiphe",NA
"ASV.308","Fungi","Basidiomycota","Agaricomycetes","Polyporales","Polyporales_fam_Incertae_sedis","Polyporales_gen_Incertae_sedis","Polyporales_sp"
"ASV.311","Fungi","Ascomycota","Leotiomycetes","Helotiales",NA,NA,NA
"ASV.313","Fungi","Ascomycota","Sordariomycetes","Glomerellales","Plectosphaerellaceae",NA,NA
"ASV.314","Fungi","Ascomycota","Dothideomycetes","Pleosporales","Pleosporaceae","Drechslera","Drechslera_sp"
"ASV.316","Fungi","Ascomycota","Sordariomycetes",NA,NA,NA,NA
"ASV.318","Fungi","Ascomycota","Dothideomycetes","Capnodiales","Cladosporiaceae","Cladosporium",NA
"ASV.320","Fungi","Ascomycota","Dothideomycetes","Pleosporales","Pleosporaceae","Alternaria",NA
"ASV.321","Fungi","Ascomycota",NA,NA,NA,NA,NA
"ASV.324","Fungi","Basidiomycota","Agaricomycetes","Agaricales","Physalacriaceae","Armillaria","Armillaria_borealis"
"ASV.325","Fungi","Ascomycota","Ascomycota_cls_Incertae_sedis","Ascomycota_ord_Incertae_sedis","Ascomycota_fam_Incertae_sedis","Ascomycota_gen_Incertae_sedis","Ascomycota_sp"
"ASV.328","Fungi","Ascomycota",NA,NA,NA,NA,NA
"ASV.331","Fungi","Basidiomycota","Microbotryomycetes","Leucosporidiales","Leucosporidiaceae",NA,NA
"ASV.333","Fungi","Ascomycota","Eurotiomycetes","Chaetothyriales",NA,NA,NA
"ASV.334","Fungi","Ascomycota","Sordariomycetes","Xylariales","Xylariales_fam_Incertae_sedis","Cryptostroma","Cryptostroma_corticale"
"ASV.335","Fungi",NA,NA,NA,NA,NA,NA
"ASV.338","Fungi",NA,NA,NA,NA,NA,NA
"ASV.341","Fungi","Ascomycota","Sordariomycetes","Ophiostomatales","Ophiostomataceae","Sporothrix",NA
"ASV.342","Fungi","Ascomycota",NA,NA,NA,NA,NA
"ASV.343","Fungi","Basidiomycota","Malasseziomycetes","Malasseziales","Malasseziaceae","Malasseziaceae_gen_Incertae_sedis","Malasseziaceae_sp"
"ASV.344","Fungi","Ascomycota",NA,NA,NA,NA,NA
"ASV.345","Fungi","Ascomycota","Taphrinomycetes","Taphrinales","Protomycetaceae","Protomyces",NA
"ASV.347","Fungi","Ascomycota","Dothideomycetes",NA,NA,NA,NA
"ASV.349","Fungi",NA,NA,NA,NA,NA,NA
"ASV.350","Fungi","Basidiomycota","Tremellomycetes","Trichosporonales","Trichosporonaceae","Cutaneotrichosporon",NA
"ASV.353","Fungi","Ascomycota","Eurotiomycetes","Eurotiales","Aspergillaceae","Aspergillus",NA
"ASV.354","Fungi","Ascomycota","Taphrinomycetes","Taphrinales","Protomycetaceae","Protomyces",NA
"ASV.357","Fungi","Basidiomycota","Tremellomycetes","Tremellales","Bulleribasidiaceae","Dioszegia",NA
"ASV.358","Fungi","Basidiomycota","Agaricomycetes","Hymenochaetales","Rickenellaceae","Resinicium","Resinicium_bicolor"
"ASV.363","Fungi","Basidiomycota","Microbotryomycetes","Microbotryomycetes_ord_Incertae_sedis","Microbotryomycetes_fam_Incertae_sedis","Curvibasidium",NA
"ASV.364","Fungi","Basidiomycota","Agaricomycetes","Agaricales","Tubariaceae","Pachylepyrium","Pachylepyrium_carbonicola"
"ASV.365","Fungi","Basidiomycota","Agaricomycetes","Agaricales","Omphalotaceae","Rhodocollybia",NA
"ASV.367","Fungi",NA,NA,NA,NA,NA,NA
"ASV.372","Fungi","Ascomycota","Dothideomycetes",NA,NA,NA,NA
"ASV.373","Fungi","Ascomycota","Sordariomycetes",NA,NA,NA,NA
"ASV.376","Fungi","Ascomycota","Dothideomycetes","Pleosporales","Didymellaceae",NA,NA
"ASV.382","Fungi","Basidiomycota","Agaricomycetes","Polyporales","Polyporaceae","Trametes","Trametes_versicolor"
"ASV.385","Fungi","Ascomycota","Dothideomycetes","Pleosporales","Pleosporaceae","Pleosporaceae_gen_Incertae_sedis","Pleosporaceae_sp"
"ASV.386","Fungi","Basidiomycota","Agaricomycetes","Agaricales","Physalacriaceae",NA,NA
"ASV.388","Fungi","Ascomycota","Dothideomycetes","Pleosporales",NA,NA,NA
"ASV.389","Fungi","Basidiomycota","Malasseziomycetes","Malasseziales","Malasseziaceae","Malassezia","Malassezia_globosa"
"ASV.391","Fungi","Ascomycota","Leotiomycetes","Erysiphales","Erysiphaceae","Podosphaera",NA
"ASV.394","Fungi",NA,NA,NA,NA,NA,NA
"ASV.403","Fungi","Basidiomycota","Tremellomycetes","Trichosporonales","Trichosporonaceae","Apiotrichum",NA
"ASV.405","Fungi","Basidiomycota","Agaricomycetes",NA,NA,NA,NA
"ASV.406","Fungi","Ascomycota","Leotiomycetes","Helotiales",NA,NA,NA
"ASV.409","Fungi","Ascomycota","Dothideomycetes","Pleosporales","Pleosporaceae","Alternaria",NA
"ASV.411","Fungi","Basidiomycota","Agaricomycetes","Agaricales","Psathyrellaceae","Psathyrella",NA
"ASV.413","Fungi","Ascomycota","Dothideomycetes","Pleosporales","Didymosphaeriaceae",NA,NA
"ASV.415","Fungi","Ascomycota",NA,NA,NA,NA,NA
"ASV.418","Fungi","Basidiomycota","Agaricomycetes","Polyporales",NA,NA,NA
"ASV.422","Fungi","Ascomycota","Leotiomycetes","Erysiphales","Erysiphaceae","Erysiphe","Erysiphe_quercicola"
"ASV.423","Fungi","Fungi_phy_Incertae_sedis","Fungi_cls_Incertae_sedis","Fungi_ord_Incertae_sedis","Fungi_fam_Incertae_sedis","Fungi_gen_Incertae_sedis","Fungi_sp"
"ASV.424","Fungi","Ascomycota","Eurotiomycetes","Eurotiales","Aspergillaceae","Penicillium",NA
"ASV.425","Fungi","Fungi_phy_Incertae_sedis","Fungi_cls_Incertae_sedis","Fungi_ord_Incertae_sedis","Fungi_fam_Incertae_sedis","Fungi_gen_Incertae_sedis","Fungi_sp"
"ASV.426","Fungi","Basidiomycota","Agaricomycetes","Russulales","Peniophoraceae",NA,NA
"ASV.431","Fungi","Basidiomycota","Agaricomycetes","Agaricomycetes_ord_Incertae_sedis","Xenasmataceae","Xenasma","Xenasma_sp"
"ASV.434","Fungi","Ascomycota","Eurotiomycetes","Eurotiales","Aspergillaceae",NA,NA
"ASV.436","Fungi","Ascomycota","Eurotiomycetes","Chaetothyriales","Herpotrichiellaceae","Herpotrichiellaceae_gen_Incertae_sedis","Herpotrichiellaceae_sp"
"ASV.445","Fungi",NA,NA,NA,NA,NA,NA
"ASV.446","Fungi","Basidiomycota","Tremellomycetes","Cystofilobasidiales","Mrakiaceae","Itersonilia",NA
"ASV.448","Fungi","Ascomycota","Dothideomycetes","Capnodiales","Cladosporiaceae","Cladosporium",NA
"ASV.456","Fungi","Basidiomycota","Cystobasidiomycetes","Erythrobasidiales","Erythrobasidiales_fam_Incertae_sedis","Erythrobasidiales_gen_Incertae_sedis","Erythrobasidiales_sp"
"ASV.459","Fungi","Ascomycota","Eurotiomycetes","Eurotiales","Aspergillaceae","Penicillium",NA
"ASV.460","Fungi","Basidiomycota","Agaricostilbomycetes","Agaricostilbales","Agaricostilbales_fam_Incertae_sedis","Agaricostilbales_gen_Incertae_sedis","Agaricostilbales_sp"
"ASV.464","Fungi",NA,NA,NA,NA,NA,NA
"ASV.465","Fungi","Ascomycota","Taphrinomycetes","Taphrinales","Protomycetaceae","Protomyces",NA
"ASV.468","Fungi","Basidiomycota","Agaricomycetes","Cantharellales","Ceratobasidiaceae","Ceratobasidium","Ceratobasidium_sp"
"ASV.471","Fungi","Basidiomycota","Malasseziomycetes","Malasseziales","Malasseziaceae","Malassezia","Malassezia_globosa"
"ASV.477","Fungi","Ascomycota","Sordariomycetes","Diaporthales","Valsaceae","Valsa","Valsa_pini"
"ASV.481","Fungi","Ascomycota","Pezizomycetes","Pezizales","Pezizaceae","Pezizaceae_gen_Incertae_sedis","Pezizaceae_sp"
"ASV.485","Fungi","Ascomycota",NA,NA,NA,NA,NA
"ASV.486","Fungi","Basidiomycota","Tremellomycetes","Filobasidiales","Filobasidiaceae","Filobasidium",NA
"ASV.490","Fungi","Ascomycota","Pezizomycetes","Pezizales","Pezizaceae","Pezizaceae_gen_Incertae_sedis","Pezizaceae_sp"
"ASV.492","Fungi","Basidiomycota","Agaricomycetes","Polyporales","Dacryobolaceae","Dacryobolus","Dacryobolus_sudans"
"ASV.495","Fungi","Ascomycota","Eurotiomycetes","Eurotiales","Aspergillaceae","Aspergillus",NA
"ASV.497","Fungi","Basidiomycota","Malasseziomycetes","Malasseziales","Malasseziaceae","Malassezia",NA
"ASV.498","Fungi","Ascomycota","Dothideomycetes","Pleosporales","Pleosporaceae","Pleosporaceae_gen_Incertae_sedis","Pleosporaceae_sp"
"ASV.502","Fungi","Ascomycota","Dothideomycetes","Dothideales",NA,NA,NA
"ASV.505","Fungi","Ascomycota","Sordariomycetes","Sordariales","Chaetomiaceae",NA,NA
"ASV.512","Fungi","Basidiomycota","Tremellomycetes","Filobasidiales","Filobasidiaceae","Filobasidium","Filobasidium_sp"
"ASV.513","Fungi","Ascomycota","Eurotiomycetes","Eurotiales","Aspergillaceae","Penicillium",NA
"ASV.514","Fungi","Basidiomycota","Tremellomycetes","Cystofilobasidiales","Mrakiaceae","Udeniomyces","Udeniomyces_pyricola"
"ASV.515","Fungi","Ascomycota",NA,NA,NA,NA,NA
"ASV.517","Fungi","Basidiomycota","Agaricomycetes","Polyporales","Polyporaceae","Dichomitus","Dichomitus_squalens"
"ASV.525","Fungi",NA,NA,NA,NA,NA,NA
"ASV.528","Fungi",NA,NA,NA,NA,NA,NA
"ASV.532","Fungi",NA,NA,NA,NA,NA,NA
"ASV.533","Fungi",NA,NA,NA,NA,NA,NA
"ASV.541","Fungi","Ascomycota","Sordariomycetes","Coniochaetales","Coniochaetaceae","Coniochaeta",NA
"ASV.545","Fungi","Ascomycota","Leotiomycetes","Helotiales",NA,NA,NA
"ASV.547","Fungi",NA,NA,NA,NA,NA,NA
"ASV.548","Fungi","Ascomycota","Eurotiomycetes","Eurotiales","Aspergillaceae","Penicillium",NA
"ASV.552","Fungi","Ascomycota","Sordariomycetes","Microascales","Microascaceae","Microascus",NA
"ASV.566","Fungi","Basidiomycota","Tremellomycetes","Tremellales","Bulleribasidiaceae","Vishniacozyma","Vishniacozyma_carnescens"
"ASV.567","Fungi","Ascomycota","Eurotiomycetes","Eurotiales","Aspergillaceae","Penicillium",NA
"ASV.570","Fungi",NA,NA,NA,NA,NA,NA
"ASV.571","Fungi",NA,NA,NA,NA,NA,NA
"ASV.572","Fungi","Ascomycota","Taphrinomycetes","Taphrinales","Protomycetaceae","Protomyces","Protomyces_inouyei"
"ASV.573","Fungi","Ascomycota","Dothideomycetes","Venturiales","Venturiaceae","Sympodiella","Sympodiella_sp"
"ASV.576","Fungi","Ascomycota","Sordariomycetes","Hypocreales","Hypocreales_fam_Incertae_sedis","Sarocladium","Sarocladium_summerbellii"
"ASV.577","Fungi","Ascomycota","Eurotiomycetes","Chaetothyriales","Herpotrichiellaceae","Exophiala","Exophiala_crusticola"
"ASV.579","Fungi","Ascomycota",NA,NA,NA,NA,NA
"ASV.580","Fungi",NA,NA,NA,NA,NA,NA
"ASV.587","Fungi","Ascomycota","Saccharomycetes","Saccharomycetales","Dipodascaceae","Geotrichum","Geotrichum_candidum"
"ASV.592","Fungi","Ascomycota","Dothideomycetes","Capnodiales","Cladosporiaceae","Toxicocladosporium",NA
"ASV.594","Fungi","Basidiomycota",NA,NA,NA,NA,NA
"ASV.595","Fungi","Basidiomycota","Tremellomycetes","Trichosporonales","Trichosporonaceae",NA,NA
"ASV.596","Fungi","Basidiomycota","Basidiomycota_cls_Incertae_sedis","Basidiomycota_ord_Incertae_sedis","Basidiomycota_fam_Incertae_sedis","Basidiomycota_gen_Incertae_sedis","Basidiomycota_sp"
"ASV.599","Fungi","Ascomycota","Leotiomycetes","Erysiphales","Erysiphaceae","Erysiphe",NA
"ASV.600","Fungi","Ascomycota","Eurotiomycetes","Eurotiales","Aspergillaceae","Aspergillus","Aspergillus_sp"
"ASV.601","Fungi","Ascomycota","Sordariomycetes","Hypocreales","Hypocreaceae","Trichoderma",NA
"ASV.604","Fungi","Ascomycota","Dothideomycetes","Mycosphaerellales","Teratosphaeriaceae","Fodinomyces","Fodinomyces_uranophilus"
"ASV.606","Fungi",NA,NA,NA,NA,NA,NA
"ASV.610","Fungi","Ascomycota","Dothideomycetes","Pleosporales","Pleosporaceae","Alternaria",NA
"ASV.614","Fungi",NA,NA,NA,NA,NA,NA
"ASV.618","Fungi",NA,NA,NA,NA,NA,NA
"ASV.622","Fungi","Basidiomycota","Agaricomycetes","Polyporales","Meruliaceae","Phlebia","Phlebia_bresadolae"
"ASV.623","Fungi","Ascomycota","Leotiomycetes","Erysiphales","Erysiphaceae","Golovinomyces","Golovinomyces_asperifolii"
"ASV.624","Fungi","Basidiomycota","Malasseziomycetes","Malasseziales","Malasseziaceae","Malassezia","Malassezia_restricta"
"ASV.628","Fungi","Ascomycota","Sordariomycetes","Xylariales",NA,NA,NA
"ASV.629","Fungi","Basidiomycota","Agaricomycetes","Russulales","Peniophoraceae",NA,NA
"ASV.631","Fungi","Ascomycota",NA,NA,NA,NA,NA
"ASV.634","Fungi","Ascomycota","Eurotiomycetes","Eurotiales","Aspergillaceae","Aspergillus",NA
"ASV.637","Fungi","Ascomycota","Dothideomycetes","Pleosporales","Didymellaceae",NA,NA
"ASV.639","Fungi","Basidiomycota","Agaricomycetes","Polyporales","Irpicaceae","Byssomerulius","Byssomerulius_corium"
"ASV.642","Fungi","Ascomycota","Leotiomycetes","Helotiales",NA,NA,NA
"ASV.643","Fungi","Ascomycota","Eurotiomycetes","Eurotiales","Aspergillaceae","Penicillium",NA
"ASV.648","Fungi","Ascomycota","Dothideomycetes","Mycosphaerellales","Teratosphaeriaceae","Fodinomyces","Fodinomyces_uranophilus"
"ASV.662","Fungi","Ascomycota",NA,NA,NA,NA,NA
"ASV.665","Fungi","Basidiomycota","Malasseziomycetes","Malasseziales","Malasseziaceae","Malassezia",NA
"ASV.674","Fungi","Basidiomycota",NA,NA,NA,NA,NA
"ASV.676","Fungi","Ascomycota","Sordariomycetes","Conioscyphales",NA,NA,NA
"ASV.677","Fungi","Ascomycota","Sordariomycetes","Microascales","Microascaceae",NA,NA
"ASV.684","Fungi","Basidiomycota","Malasseziomycetes","Malasseziales","Malasseziaceae","Malassezia",NA
"ASV.688","Fungi","Ascomycota","Dothideomycetes","Pleosporales","Didymellaceae",NA,NA
"ASV.692","Fungi","Basidiomycota","Agaricomycetes","Agaricales","Psathyrellaceae","Coprinellus","Coprinellus_angulatus"
"ASV.693","Fungi","Ascomycota","Dothideomycetes","Tubeufiales","Tubeufiales_fam_Incertae_sedis","Tubeufiales_gen_Incertae_sedis","Tubeufiales_sp"
"ASV.694","Fungi","Ascomycota","Lecanoromycetes","Lecanorales","Parmeliaceae","Parmeliaceae_gen_Incertae_sedis","Parmeliaceae_sp"
"ASV.699","Fungi","Ascomycota","Dothideomycetes","Mycosphaerellales","Teratosphaeriaceae","Fodinomyces","Fodinomyces_uranophilus"
"ASV.716","Fungi","Basidiomycota","Cystobasidiomycetes","Cystobasidiomycetes_ord_Incertae_sedis","Symmetrosporaceae","Symmetrospora",NA
"ASV.717","Fungi","Ascomycota","Eurotiomycetes","Chaetothyriales","Herpotrichiellaceae","Exophiala","Exophiala_equina"
"ASV.721","Fungi","Ascomycota","Dothideomycetes","Dothideales",NA,NA,NA
"ASV.722","Fungi","Ascomycota","Xylonomycetes","Symbiotaphrinales","Symbiotaphrinaceae","Symbiotaphrina",NA
"ASV.729","Fungi",NA,NA,NA,NA,NA,NA
"ASV.731","Fungi",NA,NA,NA,NA,NA,NA
"ASV.736","Fungi","Ascomycota","Sordariomycetes","Sordariomycetes_ord_Incertae_sedis","Sordariomycetes_fam_Incertae_sedis","Sordariomycetes_gen_Incertae_sedis","Sordariomycetes_sp"
"ASV.737","Fungi",NA,NA,NA,NA,NA,NA
"ASV.741","Fungi","Fungi_phy_Incertae_sedis","Fungi_cls_Incertae_sedis","Fungi_ord_Incertae_sedis","Fungi_fam_Incertae_sedis","Fungi_gen_Incertae_sedis","Fungi_sp"
"ASV.744","Fungi","Ascomycota","Eurotiomycetes",NA,NA,NA,NA
"ASV.748","Fungi","Ascomycota","Leotiomycetes","Thelebolales","Thelebolaceae",NA,NA
"ASV.751","Fungi","Ascomycota","Eurotiomycetes","Chaetothyriales","Herpotrichiellaceae",NA,NA
"ASV.755","Fungi","Fungi_phy_Incertae_sedis","Fungi_cls_Incertae_sedis","Fungi_ord_Incertae_sedis","Fungi_fam_Incertae_sedis","Fungi_gen_Incertae_sedis","Fungi_sp"
"ASV.756","Fungi","Ascomycota","Leotiomycetes","Thelebolales","Pseudeurotiaceae","Pseudogymnoascus","Pseudogymnoascus_appendiculatus"
"ASV.758","Fungi","Basidiomycota","Agaricomycetes","Agaricomycetes_ord_Incertae_sedis","Agaricomycetes_fam_Incertae_sedis","Agaricomycetes_gen_Incertae_sedis","Agaricomycetes_sp"
"ASV.759","Fungi","Ascomycota",NA,NA,NA,NA,NA
"ASV.762","Fungi","Basidiomycota","Agaricomycetes","Hymenochaetales","Schizoporaceae","Hyphodontia","Hyphodontia_pallidula"
"ASV.765","Fungi","Ascomycota","Leotiomycetes","Helotiales",NA,NA,NA
"ASV.768","Fungi","Basidiomycota","Tremellomycetes","Tremellales",NA,NA,NA
"ASV.771","Fungi","Ascomycota","Dothideomycetes","Mycosphaerellales","Teratosphaeriaceae","Fodinomyces","Fodinomyces_uranophilus"
"ASV.774","Fungi","Ascomycota","Pezizomycetes","Pezizales",NA,NA,NA
"ASV.780","Fungi","Mortierellomycota","Mortierellomycetes","Mortierellales","Mortierellaceae",NA,NA
"ASV.794","Fungi","Ascomycota","Dothideomycetes","Mycosphaerellales","Teratosphaeriaceae","Fodinomyces","Fodinomyces_uranophilus"
"ASV.796","Fungi","Ascomycota","Ascomycota_cls_Incertae_sedis","Ascomycota_ord_Incertae_sedis","Ascomycota_fam_Incertae_sedis","Ascomycota_gen_Incertae_sedis","Ascomycota_sp"
"ASV.797","Fungi","Basidiomycota","Tremellomycetes","Tremellales","Trimorphomycetaceae","Saitozyma",NA
"ASV.809","Fungi","Basidiomycota","Tremellomycetes","Filobasidiales","Filobasidiaceae","Filobasidium",NA
"ASV.811","Fungi","Basidiomycota","Agaricomycetes",NA,NA,NA,NA
"ASV.813","Fungi","Basidiomycota","Agaricomycetes","Polyporales","Phanerochaetaceae","Bjerkandera",NA
"ASV.814","Fungi",NA,NA,NA,NA,NA,NA
"ASV.820","Fungi","Ascomycota","Eurotiomycetes","Phaeomoniellales","Phaeomoniellaceae","Phaeomoniellaceae_gen_Incertae_sedis","Phaeomoniellaceae_sp"
"ASV.823","Fungi","Ascomycota","Dothideomycetes","Pleosporales",NA,NA,NA
"ASV.826","Fungi","Ascomycota","Dothideomycetes","Pleosporales","Pleosporaceae","Alternaria","Alternaria_rosae"
"ASV.832","Fungi","Ascomycota",NA,NA,NA,NA,NA
"ASV.839","Fungi","Ascomycota","Pezizomycetes","Pezizales","Pezizaceae","Pezizaceae_gen_Incertae_sedis","Pezizaceae_sp"
"ASV.841","Fungi","Ascomycota","Dothideomycetes","Mycosphaerellales","Teratosphaeriaceae","Meristemomyces","Meristemomyces_arctostaphyli"
"ASV.846","Fungi",NA,NA,NA,NA,NA,NA
"ASV.849","Fungi","Ascomycota",NA,NA,NA,NA,NA
"ASV.852","Fungi","Basidiomycota","Tremellomycetes","Filobasidiales","Filobasidiaceae","Naganishia","Naganishia_diffluens"
"ASV.855","Fungi","Ascomycota","Leotiomycetes","Helotiales","Helotiaceae","Acidea","Acidea_extrema"
"ASV.868","Fungi","Basidiomycota","Agaricomycetes","Polyporales","Meruliaceae","Mycoacia","Mycoacia_nothofagi"
"ASV.869","Fungi","Ascomycota","Dothideomycetes",NA,NA,NA,NA
"ASV.879","Fungi","Ascomycota","Sordariomycetes","Hypocreales","Clavicipitaceae","Ustilaginoidea","Ustilaginoidea_virens"
"ASV.882","Fungi","Ascomycota","Dothideomycetes","Mycosphaerellales","Teratosphaeriaceae",NA,NA
"ASV.884","Fungi","Ascomycota","Dothideomycetes","Coniosporiales","Coniosporiaceae","Coniosporium","Coniosporium_sp"
"ASV.886","Fungi","Ascomycota","Dothideomycetes","Pleosporales","Didymosphaeriaceae","Kalmusia","Kalmusia_araucariae"
"ASV.887","Fungi",NA,NA,NA,NA,NA,NA
"ASV.893","Fungi","Ascomycota","Leotiomycetes","Helotiales",NA,NA,NA
"ASV.895","Fungi","Basidiomycota","Agaricostilbomycetes","Agaricostilbales","Agaricostilbales_fam_Incertae_sedis","Agaricostilbales_gen_Incertae_sedis","Agaricostilbales_sp"
"ASV.901","Fungi","Ascomycota","Dothideomycetes","Mycosphaerellales","Teratosphaeriaceae","Fodinomyces","Fodinomyces_uranophilus"
"ASV.905","Fungi","Ascomycota","Leotiomycetes","Helotiales",NA,NA,NA
"ASV.907","Fungi",NA,NA,NA,NA,NA,NA
"ASV.908","Fungi","Ascomycota","Leotiomycetes","Erysiphales","Erysiphaceae","Podosphaera",NA
"ASV.910","Fungi","Ascomycota",NA,NA,NA,NA,NA
"ASV.911","Fungi","Basidiomycota","Tremellomycetes","Filobasidiales","Piskurozymaceae","Piskurozyma","Piskurozyma_sp"
"ASV.916","Fungi","Basidiomycota","Agaricomycetes","Cantharellales",NA,NA,NA
"ASV.919","Fungi",NA,NA,NA,NA,NA,NA
"ASV.940","Fungi","Ascomycota","Eurotiomycetes","Chaetothyriales","Herpotrichiellaceae","Herpotrichiellaceae_gen_Incertae_sedis","Herpotrichiellaceae_sp"
"ASV.944","Fungi",NA,NA,NA,NA,NA,NA
"ASV.958","Fungi","Basidiomycota","Tremellomycetes","Filobasidiales","Filobasidiaceae","Filobasidium",NA
"ASV.962","Fungi","Basidiomycota","Tremellomycetes","Tremellales","Bulleribasidiaceae","Dioszegia",NA
"ASV.963","Fungi","Basidiomycota","Agaricomycetes","Russulales","Stereaceae","Stereum",NA
"ASV.965","Fungi","Basidiomycota","Agaricomycetes","Agaricales","Strophariaceae","Hypholoma","Hypholoma_fasciculare"
"ASV.968","Fungi","Ascomycota","Sordariomycetes","Hypocreales","Hypocreales_fam_Incertae_sedis","Sarocladium",NA
"ASV.973","Fungi","Basidiomycota","Agaricomycetes","Polyporales","Fomitopsidaceae","Resinoporia","Resinoporia_sitchensis"
"ASV.978","Fungi","Basidiomycota","Agaricomycetes","Sistotremastrales","Sistotremastraceae","Sistotremastrum","Sistotremastrum_guttuliferum"
"ASV.979","Fungi",NA,NA,NA,NA,NA,NA
"ASV.990","Fungi","Basidiomycota","Cystobasidiomycetes","Erythrobasidiales","Erythrobasidiales_fam_Incertae_sedis","Erythrobasidiales_gen_Incertae_sedis","Erythrobasidiales_sp"
"ASV.992","Fungi","Ascomycota","Leotiomycetes","Helotiales","Helotiaceae","Acidea","Acidea_extrema"
"ASV.995","Fungi","Ascomycota","Eurotiomycetes","Phaeomoniellales","Phaeomoniellaceae","Phaeomoniellaceae_gen_Incertae_sedis","Phaeomoniellaceae_sp"
"ASV.999","Fungi","Basidiomycota","Agaricomycetes","Boletales","Boletales_fam_Incertae_sedis","Leucogyrophana","Leucogyrophana_arizonica"
"ASV.1006","Fungi","Ascomycota","Sordariomycetes","Sordariales","Sordariales_fam_Incertae_sedis","Sordariales_gen_Incertae_sedis","Sordariales_sp"
"ASV.1019","Fungi","Basidiomycota","Microbotryomycetes","Sporidiobolales","Sporidiobolaceae",NA,NA
"ASV.1021","Fungi","Basidiomycota","Tremellomycetes","Tremellales","Trimorphomycetaceae","Saitozyma",NA
"ASV.1026","Fungi","Ascomycota","Eurotiomycetes","Eurotiales","Aspergillaceae",NA,NA
"ASV.1031","Fungi","Basidiomycota","Agaricomycetes","Russulales","Stereaceae","Stereaceae_gen_Incertae_sedis","Stereaceae_sp"
"ASV.1053","Fungi","Basidiomycota","Agaricomycetes","Agaricales","Omphalotaceae","Gymnopus",NA
"ASV.1057","Fungi","Ascomycota","Dothideomycetes","Pleosporales","Didymosphaeriaceae",NA,NA
"ASV.1061","Fungi","Ascomycota","Eurotiomycetes","Eurotiales","Aspergillaceae","Aspergillus","Aspergillus_penicillioides"
"ASV.1069","Fungi",NA,NA,NA,NA,NA,NA
"ASV.1070","Fungi","Ascomycota","Eurotiomycetes","Eurotiales","Aspergillaceae","Talaromyces","Talaromyces_aerius"
"ASV.1077","Fungi","Ascomycota","Dothideomycetes","Capnodiales","Cladosporiaceae","Cladosporium","Cladosporium_dominicanum"
"ASV.1079","Fungi","Ascomycota","Dothideomycetes","Pleosporales","Pleosporaceae","Stemphylium",NA
"ASV.1080","Fungi","Ascomycota","Eurotiomycetes","Eurotiales","Aspergillaceae","Penicillium",NA
"ASV.1087","Fungi","Ascomycota","Dothideomycetes","Dothideales","Dothideaceae",NA,NA
"ASV.1100","Fungi",NA,NA,NA,NA,NA,NA
"ASV.1107","Fungi",NA,NA,NA,NA,NA,NA
"ASV.1108","Fungi",NA,NA,NA,NA,NA,NA
"ASV.1120","Fungi","Ascomycota","Dothideomycetes","Pleosporales","Phaeosphaeriaceae","Phaeosphaeriaceae_gen_Incertae_sedis","Phaeosphaeriaceae_sp"
"ASV.1121","Fungi","Ascomycota","Sordariomycetes","Trichosphaeriales","Trichosphaeriaceae","Nigrospora",NA
"ASV.1129","Fungi","Ascomycota","Dothideomycetes","Pleosporales","Teichosporaceae","Teichospora","Teichospora_trabicola"
"ASV.1131","Fungi","Ascomycota","Dothideomycetes","Pleosporales","Pleosporaceae","Curvularia",NA
"ASV.1133","Fungi","Basidiomycota","Agaricostilbomycetes","Agaricostilbales","Agaricostilbales_fam_Incertae_sedis","Agaricostilbales_gen_Incertae_sedis","Agaricostilbales_sp"
"ASV.1137","Fungi","Ascomycota","Eurotiomycetes","Chaetothyriales","Herpotrichiellaceae","Cladophialophora",NA
"ASV.1140","Fungi","Basidiomycota","Microbotryomycetes","Sporidiobolales","Sporidiobolaceae","Rhodotorula",NA
"ASV.1144","Fungi","Ascomycota","Sordariomycetes","Hypocreales","Hypocreaceae","Trichoderma",NA
"ASV.1147","Fungi","Ascomycota","Dothideomycetes",NA,NA,NA,NA
"ASV.1158","Fungi","Basidiomycota","Agaricomycetes","Polyporales","Ganodermataceae","Ganoderma",NA
"ASV.1159","Fungi","Ascomycota","Dothideomycetes",NA,NA,NA,NA
"ASV.1168","Fungi","Basidiomycota","Agaricomycetes","Cantharellales","Cantharellales_fam_Incertae_sedis","Cantharellales_gen_Incertae_sedis","Cantharellales_sp"
"ASV.1180","Fungi","Ascomycota","Ascomycota_cls_Incertae_sedis","Ascomycota_ord_Incertae_sedis","Ascomycota_fam_Incertae_sedis","Ascomycota_gen_Incertae_sedis","Ascomycota_sp"
"ASV.1195","Fungi","Ascomycota","Leotiomycetes","Helotiales","Helotiaceae","Acidea","Acidea_extrema"
"ASV.1210","Fungi",NA,NA,NA,NA,NA,NA
"ASV.1213","Fungi","Basidiomycota","Agaricomycetes","Agaricales","Psathyrellaceae","Coprinellus","Coprinellus_plagioporus"
"ASV.1214","Fungi",NA,NA,NA,NA,NA,NA
"ASV.1215","Fungi",NA,NA,NA,NA,NA,NA
"ASV.1219","Fungi","Basidiomycota","Tremellomycetes","Trichosporonales","Trichosporonaceae",NA,NA
"ASV.1221","Fungi","Ascomycota","Eurotiomycetes","Chaetothyriales","Herpotrichiellaceae","Herpotrichiellaceae_gen_Incertae_sedis","Herpotrichiellaceae_sp"
"ASV.1224","Fungi","Basidiomycota","Agaricomycetes","Agaricales","Psathyrellaceae","Coprinellus",NA
"ASV.1230","Fungi","Ascomycota","Dothideomycetes","Pleosporales","Didymellaceae",NA,NA
"ASV.1232","Fungi","Chytridiomycota","Spizellomycetes","Spizellomycetales","Powellomycetaceae",NA,NA
"ASV.1244","Fungi",NA,NA,NA,NA,NA,NA
"ASV.1245","Fungi","Ascomycota","Sordariomycetes",NA,NA,NA,NA
"ASV.1249","Fungi","Ascomycota","Eurotiomycetes","Eurotiales","Aspergillaceae","Talaromyces","Talaromyces_purpureogenus"
"ASV.1252","Fungi","Ascomycota",NA,NA,NA,NA,NA
"ASV.1257","Fungi","Ascomycota","Dothideomycetes","Mycosphaerellales","Teratosphaeriaceae","Fodinomyces","Fodinomyces_uranophilus"
"ASV.1284","Fungi","Basidiomycota","Tremellomycetes","Tremellales",NA,NA,NA
"ASV.1290","Fungi","Ascomycota","Leotiomycetes","Helotiales",NA,NA,NA
"ASV.1297","Fungi","Ascomycota","Eurotiomycetes","Eurotiales","Aspergillaceae","Penicillium",NA
"ASV.1298","Fungi","Ascomycota","Sordariomycetes","Hypocreales","Hypocreales_fam_Incertae_sedis","Sarocladium",NA
"ASV.1305","Fungi","Basidiomycota",NA,NA,NA,NA,NA
"ASV.1307","Fungi","Ascomycota","Leotiomycetes","Helotiales","Calloriaceae","Calloriaceae_gen_Incertae_sedis","Calloriaceae_sp"
"ASV.1308","Fungi","Ascomycota",NA,NA,NA,NA,NA
"ASV.1314","Fungi","Basidiomycota","Agaricomycetes","Agaricales","Psathyrellaceae","Coprinellus",NA
"ASV.1318","Fungi","Ascomycota","Dothideomycetes","Pleosporales","Pleosporaceae",NA,NA
"ASV.1331","Fungi",NA,NA,NA,NA,NA,NA
"ASV.1334","Fungi","Basidiomycota","Agaricomycetes","Cantharellales","Hydnaceae","Sistotrema","Sistotrema_sp"
"ASV.1337","Fungi","Basidiomycota","Agaricostilbomycetes",NA,NA,NA,NA
"ASV.1341","Fungi","Ascomycota","Dothideomycetes","Mycosphaerellales","Teratosphaeriaceae","Neocatenulostroma",NA
"ASV.1349","Fungi","Ascomycota","Dothideomycetes","Capnodiales","Dissoconiaceae","Ramichloridium","Ramichloridium_anceps"
"ASV.1352","Fungi","Ascomycota","Sordariomycetes","Hypocreales",NA,NA,NA
"ASV.1354","Fungi","Ascomycota","Dothideomycetes","Pleosporales","Didymellaceae","Neoascochyta",NA
"ASV.1371","Fungi","Ascomycota","Sordariomycetes","Diaporthales","Valsaceae","Cytospora","Cytospora_parapistaciae"
"ASV.1375","Fungi","Basidiomycota","Tremellomycetes","Filobasidiales","Filobasidiaceae","Filobasidium",NA
"ASV.1385","Fungi","Ascomycota",NA,NA,NA,NA,NA
"ASV.1386","Fungi","Basidiomycota","Malasseziomycetes","Malasseziales","Malasseziaceae","Malassezia",NA
"ASV.1393","Fungi",NA,NA,NA,NA,NA,NA
"ASV.1395","Fungi",NA,NA,NA,NA,NA,NA
"ASV.1402","Fungi","Ascomycota",NA,NA,NA,NA,NA
"ASV.1409","Fungi","Ascomycota","Dothideomycetes","Dothideales","Dothioraceae","Dothiora",NA
"ASV.1416","Fungi","Basidiomycota","Agaricomycetes","Agaricales","Lycoperdaceae","Bovista","Bovista_promontorii"
"ASV.1417","Fungi",NA,NA,NA,NA,NA,NA
"ASV.1419","Fungi","Ascomycota","Lecanoromycetes","Caliciales","Physciaceae","Physcia","Physcia_sp"
"ASV.1422","Fungi","Ascomycota","Sordariomycetes","Xylariales",NA,NA,NA
"ASV.1430","Fungi","Ascomycota",NA,NA,NA,NA,NA
"ASV.1448","Fungi","Basidiomycota","Agaricomycetes","Polyporales","Fomitopsidaceae","Fomitopsis","Fomitopsis_pinicola"
"ASV.1464","Fungi","Ascomycota","Sordariomycetes","Sordariales","Chaetomiaceae","Humicola","Humicola_fuscoatra"
"ASV.1471","Fungi","Basidiomycota","Cystobasidiomycetes","Cystobasidiomycetes_ord_Incertae_sedis","Buckleyzymaceae","Buckleyzyma","Buckleyzyma_salicina"
"ASV.1472","Fungi",NA,NA,NA,NA,NA,NA
"ASV.1475","Fungi","Basidiomycota","Tremellomycetes","Filobasidiales","Filobasidiaceae","Filobasidium",NA
"ASV.1482","Fungi","Basidiomycota","Agaricomycetes","Agaricales","Inocybaceae","Inocybe",NA
"ASV.1483","Fungi","Basidiomycota","Tremellomycetes","Filobasidiales","Filobasidiaceae","Naganishia",NA
"ASV.1496","Fungi","Ascomycota","Eurotiomycetes","Chaetothyriales","Herpotrichiellaceae","Cladophialophora","Cladophialophora_sp"
"ASV.1506","Fungi","Basidiomycota","Cystobasidiomycetes","Cystobasidiomycetes_ord_Incertae_sedis","Buckleyzymaceae","Buckleyzyma","Buckleyzyma_aurantiaca"
"ASV.1511","Fungi","Basidiomycota",NA,NA,NA,NA,NA
"ASV.1513","Fungi","Ascomycota","Eurotiomycetes","Onygenales",NA,NA,NA
"ASV.1525","Fungi","Ascomycota","Eurotiomycetes","Chaetothyriales","Herpotrichiellaceae","Herpotrichiellaceae_gen_Incertae_sedis","Herpotrichiellaceae_sp"
"ASV.1526","Fungi","Basidiomycota","Agaricomycetes","Agaricales","Mycenaceae","Mycena","Mycena_metata"
"ASV.1532","Fungi","Basidiomycota","Malasseziomycetes","Malasseziales","Malasseziaceae","Malassezia",NA
"ASV.1533","Fungi","Basidiomycota","Tremellomycetes","Tremellales","Trimorphomycetaceae","Saitozyma","Saitozyma_sp"
"ASV.1534","Fungi","Ascomycota","Sordariomycetes","Sordariales","Chaetomiaceae","Chaetomium",NA
"ASV.1547","Fungi",NA,NA,NA,NA,NA,NA
"ASV.1553","Fungi","Basidiomycota","Agaricomycetes","Agaricales","Physalacriaceae","Armillaria","Armillaria_borealis"
"ASV.1557","Fungi","Ascomycota","Dothideomycetes",NA,NA,NA,NA
"ASV.1577","Fungi","Ascomycota","Sordariomycetes","Diaporthales","Gnomoniaceae","Ophiognomonia","Ophiognomonia_setacea"
"ASV.1588","Fungi","Ascomycota","Saccharomycetes","Saccharomycetales","Saccharomycetales_fam_Incertae_sedis","Candida","Candida_parapsilosis"
"ASV.1589","Fungi","Ascomycota","Sordariomycetes","Diaporthales","Valsaceae","Cytospora",NA
"ASV.1594","Fungi","Ascomycota","Leotiomycetes","Erysiphales","Erysiphaceae","Cystotheca",NA
"ASV.1596","Fungi","Ascomycota","Pezizomycetes","Pezizales","Pyronemataceae","Pyronema",NA
"ASV.1603","Fungi","Basidiomycota","Tremellomycetes","Tremellales","Rhynchogastremataceae","Papiliotrema",NA
"ASV.1609","Fungi","Basidiomycota","Microbotryomycetes","Microbotryomycetes_ord_Incertae_sedis","Microbotryomycetes_fam_Incertae_sedis",NA,NA
"ASV.1627","Fungi","Ascomycota","Dothideomycetes","Pleosporales","Didymellaceae","Neoascochyta",NA
"ASV.1629","Fungi","Ascomycota","Dothideomycetes",NA,NA,NA,NA
"ASV.1633","Fungi","Ascomycota","Dothideomycetes",NA,NA,NA,NA
"ASV.1636","Fungi","Basidiomycota","Agaricomycetes","Polyporales","Polyporaceae","Dichomitus","Dichomitus_squalens"
"ASV.1648","Fungi","Ascomycota","Dothideomycetes","Dothideales","Dothideaceae","Endoconidioma",NA
"ASV.1650","Fungi",NA,NA,NA,NA,NA,NA
"ASV.1654","Fungi","Ascomycota","Dothideomycetes","Dothideomycetes_ord_Incertae_sedis","Dothideomycetes_fam_Incertae_sedis","Dothideomycetes_gen_Incertae_sedis","Dothideomycetes_sp"
"ASV.1700","Fungi","Ascomycota","Eurotiomycetes","Eurotiales","Aspergillaceae","Talaromyces",NA
"ASV.1702","Fungi","Fungi_phy_Incertae_sedis","Fungi_cls_Incertae_sedis","Fungi_ord_Incertae_sedis","Fungi_fam_Incertae_sedis","Fungi_gen_Incertae_sedis","Fungi_sp"
"ASV.1710","Fungi","Ascomycota","Leotiomycetes","Erysiphales","Erysiphaceae","Podosphaera",NA
"ASV.1711","Fungi",NA,NA,NA,NA,NA,NA
"ASV.1713","Fungi","Basidiomycota","Agaricomycetes","Agaricales","Physalacriaceae","Armillaria",NA
"ASV.1727","Fungi","Basidiomycota","Malasseziomycetes","Malasseziales","Malasseziaceae","Malassezia",NA
"ASV.1730","Fungi","Basidiomycota","Agaricomycetes","Agaricomycetes_ord_Incertae_sedis","Agaricomycetes_fam_Incertae_sedis","Agaricomycetes_gen_Incertae_sedis","Agaricomycetes_sp"
"ASV.1731","Fungi",NA,NA,NA,NA,NA,NA
"ASV.1740","Fungi","Basidiomycota","Agaricomycetes","Polyporales","Phanerochaetaceae","Phanerochaete","Phanerochaete_livescens"
"ASV.1756","Fungi","Ascomycota","Eurotiomycetes","Onygenales","Onygenales_fam_Incertae_sedis","Onygenales_gen_Incertae_sedis","Onygenales_sp"
"ASV.1761","Fungi",NA,NA,NA,NA,NA,NA
"ASV.1763","Fungi","Ascomycota",NA,NA,NA,NA,NA
"ASV.1769","Fungi","Basidiomycota","Agaricomycetes","Agaricales","Omphalotaceae","Paragymnopus","Paragymnopus_perforans"
"ASV.1775","Fungi","Ascomycota","Eurotiomycetes","Eurotiales","Aspergillaceae","Aspergillus",NA
"ASV.1782","Fungi","Basidiomycota","Agaricomycetes",NA,NA,NA,NA
"ASV.1795","Fungi","Ascomycota","Dothideomycetes","Mycosphaerellales","Teratosphaeriaceae","Fodinomyces","Fodinomyces_uranophilus"
"ASV.1799","Fungi","Ascomycota","Sordariomycetes","Hypocreales","Hypocreales_fam_Incertae_sedis",NA,NA
"ASV.1806","Fungi","Ascomycota","Dothideomycetes","Capnodiales","Capnodiales_fam_Incertae_sedis","Capnodiales_gen_Incertae_sedis","Capnodiales_sp"
"ASV.1810","Fungi","Basidiomycota","Agaricomycetes","Hymenochaetales","Rickenellaceae","Peniophorella","Peniophorella_praetermissa"
"ASV.1844","Fungi","Basidiomycota","Agaricomycetes","Polyporales",NA,NA,NA
"ASV.1845","Fungi","Ascomycota","Taphrinomycetes","Taphrinales","Protomycetaceae","Protomycetaceae_gen_Incertae_sedis","Protomycetaceae_sp"
"ASV.1858","Fungi","Ascomycota","Dothideomycetes","Mycosphaerellales","Teratosphaeriaceae","Fodinomyces","Fodinomyces_uranophilus"
"ASV.1862","Fungi","Ascomycota","Eurotiomycetes","Eurotiales","Aspergillaceae","Aspergillus","Aspergillus_penicillioides"
"ASV.1870","Fungi","Basidiomycota","Agaricomycetes","Polyporales","Phanerochaetaceae","Hyphodermella","Hyphodermella_pallidostraminea"
"ASV.1872","Fungi","Ascomycota","Sordariomycetes","Glomerellales","Plectosphaerellaceae","Verticillium",NA
"ASV.1874","Fungi","Ascomycota","Dothideomycetes","Pleosporales","Phaeosphaeriaceae","Phaeosphaeria","Phaeosphaeria_sp"
"ASV.1881","Fungi","Ascomycota","Eurotiomycetes","Eurotiales","Aspergillaceae","Talaromyces","Talaromyces_resedanus"
"ASV.1887","Fungi","Ascomycota","Dothideomycetes",NA,NA,NA,NA
"ASV.1889","Fungi","Basidiomycota","Microbotryomycetes","Sporidiobolales","Sporidiobolaceae","Rhodosporidiobolus","Rhodosporidiobolus_oreadorum"
"ASV.1897","Fungi","Basidiomycota","Tremellomycetes","Tremellales","Bulleribasidiaceae","Vishniacozyma",NA
"ASV.1904","Fungi","Ascomycota","Eurotiomycetes","Chaetothyriales","Cyphellophoraceae","Cyphellophora","Cyphellophora_olivacea"
"ASV.1906","Fungi","Basidiomycota","Malasseziomycetes","Malasseziales","Malasseziaceae","Malassezia","Malassezia_globosa"
"ASV.1915","Fungi","Ascomycota","Dothideomycetes","Acrospermales","Acrospermales_fam_Incertae_sedis","Leptodiscella","Leptodiscella_sp"
"ASV.1929","Fungi","Basidiomycota","Tremellomycetes",NA,NA,NA,NA
"ASV.1942","Fungi","Ascomycota","Sordariomycetes","Sordariales","Chaetomiaceae","Chaetomium",NA
"ASV.1949","Fungi","Basidiomycota","Microbotryomycetes","Microbotryomycetes_ord_Incertae_sedis","Microbotryomycetes_fam_Incertae_sedis",NA,NA
"ASV.1965","Fungi","Basidiomycota","Agaricomycetes","Agaricales","Psathyrellaceae",NA,NA
"ASV.1980","Fungi","Basidiomycota","Malasseziomycetes","Malasseziales","Malasseziaceae","Malassezia",NA
"ASV.1985","Fungi","Basidiomycota","Agaricomycetes","Polyporales","Polyporales_fam_Incertae_sedis","Polyporales_gen_Incertae_sedis","Polyporales_sp"
"ASV.1993","Fungi","Ascomycota",NA,NA,NA,NA,NA
"ASV.2010","Fungi","Ascomycota","Dothideomycetes","Capnodiales","Cladosporiaceae","Toxicocladosporium",NA
"ASV.2019","Fungi","Ascomycota","Sordariomycetes","Xylariales","Xylariaceae","Clypeosphaeria",NA
"ASV.2034","Fungi","Ascomycota","Dothideomycetes","Pleosporales",NA,NA,NA
"ASV.2049","Fungi",NA,NA,NA,NA,NA,NA
"ASV.2058","Fungi","Basidiomycota","Agaricomycetes","Agaricales","Physalacriaceae","Armillaria",NA
"ASV.2097","Fungi","Ascomycota",NA,NA,NA,NA,NA
"ASV.2132","Fungi","Ascomycota","Eurotiomycetes","Eurotiales","Aspergillaceae","Penicillium",NA
"ASV.2136","Fungi","Mucoromycota","Mucoromycetes","Mucorales","Mucoraceae","Mucor",NA
"ASV.2141","Fungi","Basidiomycota","Tremellomycetes","Tremellales",NA,NA,NA
"ASV.2155","Fungi","Basidiomycota","Agaricomycetes","Russulales","Peniophoraceae",NA,NA
"ASV.2157","Fungi","Ascomycota","Eurotiomycetes","Eurotiales","Aspergillaceae","Penicillium","Penicillium_sp"
"ASV.2158","Fungi","Basidiomycota","Agaricomycetes","Atheliales","Atheliaceae","Athelia","Athelia_arachnoidea"
"ASV.2188","Fungi","Basidiomycota",NA,NA,NA,NA,NA
"ASV.2210","Fungi","Basidiomycota","Agaricomycetes","Agaricales","Psathyrellaceae","Coprinopsis","Coprinopsis_sp"
"ASV.2229","Fungi",NA,NA,NA,NA,NA,NA
"ASV.2254","Fungi","Basidiomycota","Agaricomycetes","Agaricales","Pleurotaceae","Pleurotus",NA
"ASV.2274","Fungi",NA,NA,NA,NA,NA,NA
"ASV.2275","Fungi","Basidiomycota","Agaricomycetes","Russulales","Stereaceae","Stereum","Stereum_rugosum"
"ASV.2276","Fungi","Ascomycota","Dothideomycetes","Pleosporales","Didymellaceae","Neoascochyta",NA
"ASV.2296","Fungi","Ascomycota","Eurotiomycetes",NA,NA,NA,NA
"ASV.2308","Fungi","Ascomycota","Dothideomycetes","Pleosporales","Lophiostomataceae",NA,NA
"ASV.2328","Fungi","Ascomycota",NA,NA,NA,NA,NA
"ASV.2344","Fungi","Basidiomycota","Agaricomycetes","Polyporales","Irpicaceae","Irpex","Irpex_lacteus"
"ASV.2361","Fungi","Basidiomycota","Tremellomycetes","Filobasidiales","Filobasidiaceae","Filobasidium",NA
"ASV.2388","Fungi",NA,NA,NA,NA,NA,NA
"ASV.2455","Fungi","Ascomycota","Sordariomycetes","Xylariales","Xylariaceae",NA,NA
"ASV.2457","Fungi","Ascomycota",NA,NA,NA,NA,NA
"ASV.2464","Fungi","Ascomycota","Sordariomycetes","Microascales","Microascaceae","Microascus",NA
"ASV.2465","Fungi","Ascomycota","Dothideomycetes",NA,NA,NA,NA
"ASV.2468","Fungi","Ascomycota","Dothideomycetes",NA,NA,NA,NA
"ASV.2471","Fungi","Ascomycota","Eurotiomycetes","Eurotiales","Aspergillaceae","Penicillium",NA
"ASV.2525","Fungi","Basidiomycota","Agaricomycetes",NA,NA,NA,NA
"ASV.2576","Fungi","Ascomycota",NA,NA,NA,NA,NA
"ASV.2588","Fungi",NA,NA,NA,NA,NA,NA
"ASV.2632","Fungi","Basidiomycota","Agaricomycetes","Agaricales","Mycenaceae","Mycena",NA
"ASV.2647","Fungi","Ascomycota","Eurotiomycetes","Eurotiales","Aspergillaceae","Paecilomyces","Paecilomyces_maximus"
"ASV.2657","Fungi","Basidiomycota","Microbotryomycetes","Sporidiobolales","Sporidiobolaceae",NA,NA
"ASV.2687","Fungi","Basidiomycota","Agaricomycetes","Agaricales","Physalacriaceae","Armillaria","Armillaria_borealis"
"ASV.2728","Fungi","Ascomycota","Saccharomycetes","Saccharomycetales","Saccharomycetales_fam_Incertae_sedis","Candida","Candida_parapsilosis"
"ASV.2752","Fungi","Basidiomycota",NA,NA,NA,NA,NA
"ASV.2800","Fungi","Basidiomycota","Agaricomycetes","Hymenochaetales","Hymenochaetaceae","Inonotus",NA
"ASV.2849","Fungi","Ascomycota","Sordariomycetes","Hypocreales","Nectriaceae","Paracremonium","Paracremonium_bendijkiorum"
"ASV.2882","Fungi","Ascomycota","Dothideomycetes","Dothideales",NA,NA,NA
"ASV.2894","Fungi","Basidiomycota","Malasseziomycetes","Malasseziales","Malasseziaceae","Malassezia","Malassezia_restricta"
"ASV.2958","Fungi","Ascomycota","Sordariomycetes","Xylariales","Diatrypaceae","Diatrype",NA
"ASV.2961","Fungi","Ascomycota","Dothideomycetes","Capnodiales","Cladosporiaceae","Cladosporium",NA
"ASV.3007","Fungi",NA,NA,NA,NA,NA,NA
"ASV.3140","Fungi","Ascomycota",NA,NA,NA,NA,NA
"ASV.3181","Fungi",NA,NA,NA,NA,NA,NA
"ASV.3304","Fungi","Basidiomycota","Agaricomycetes","Agaricales","Lycoperdaceae","Lycoperdon",NA
"ASV.3363","Fungi","Basidiomycota","Agaricomycetes","Hymenochaetales","Hymenochaetaceae","Inonotus",NA
"ASV.3370","Fungi","Ascomycota","Leotiomycetes","Helotiales","Sclerotiniaceae",NA,NA
"ASV.3405","Fungi",NA,NA,NA,NA,NA,NA
"ASV.3558","Fungi","Ascomycota","Sordariomycetes","Hypocreales",NA,NA,NA
"ASV.3585","Fungi","Basidiomycota","Malasseziomycetes","Malasseziales","Malasseziaceae","Malassezia",NA
"ASV.3733","Fungi","Ascomycota","Dothideomycetes","Dothideales","Dothideales_fam_Incertae_sedis","Dothideales_gen_Incertae_sedis","Dothideales_sp"
"ASV.4344","Fungi","Basidiomycota","Tremellomycetes","Tremellales",NA,NA,NA
"ASV.5","Fungi","Ascomycota","Dothideomycetes","Pleosporales","Pleosporales_fam_Incertae_sedis","Pleosporales_gen_Incertae_sedis","Pleosporales_sp"
"ASV.13","Fungi","Ascomycota","Dothideomycetes","Pleosporales","Pleosporaceae","Alternaria","Alternaria_subcucurbitae"
"ASV.22","Fungi","Basidiomycota","Microbotryomycetes","Sporidiobolales","Sporidiobolaceae","Sporobolomyces",NA
"ASV.27","Fungi","Ascomycota","Dothideomycetes","Pleosporales","Pleosporales_fam_Incertae_sedis","Chalastospora","Chalastospora_gossypii"
"ASV.30","Fungi","Ascomycota","Eurotiomycetes","Eurotiales","Aspergillaceae","Penicillium",NA
"ASV.43","Fungi","Ascomycota","Dothideomycetes",NA,NA,NA,NA
"ASV.49","Fungi","Ascomycota","Leotiomycetes","Helotiales","Erysiphaceae","Blumeria","Blumeria_graminis"
"ASV.52","Fungi","Ascomycota","Dothideomycetes","Pleosporales","Pleosporaceae","Alternaria","Alternaria_rosae"
"ASV.72","Fungi","Ascomycota",NA,NA,NA,NA,NA
"ASV.74","Fungi","Ascomycota","Taphrinomycetes","Taphrinales","Protomycetaceae","Protomyces","Protomyces_inouyei"
"ASV.101","Fungi","Ascomycota","Dothideomycetes","Pleosporales","Pleosporales_fam_Incertae_sedis","Chalastospora","Chalastospora_gossypii"
"ASV.118","Fungi","Ascomycota","Sordariomycetes","Diaporthales","Cytosporaceae","Cytospora","Cytospora_parapistaciae"
"ASV.139","Fungi","Ascomycota","Leotiomycetes","Helotiales","Sclerotiniaceae",NA,NA
"ASV.143","Fungi",NA,NA,NA,NA,NA,NA
"ASV.147","Fungi",NA,NA,NA,NA,NA,NA
"ASV.151","Fungi","Ascomycota","Dothideomycetes","Pleosporales","Pleosporaceae","Alternaria",NA
"ASV.229","Fungi","Ascomycota","Eurotiomycetes","Eurotiales","Aspergillaceae","Aspergillus","Aspergillus_ruber"
"ASV.233","Fungi",NA,NA,NA,NA,NA,NA
"ASV.305","Fungi","Ascomycota",NA,NA,NA,NA,NA
"ASV.444","Fungi",NA,NA,NA,NA,NA,NA
"ASV.865","Fungi",NA,NA,NA,NA,NA,NA
