"sample","input","filtered","denoised","ChimeraFiltered"
"A_V_14.effec",32640,32499,NA,NA
"A_V_4.effect",61880,61667,NA,NA
"A_V_6.effect",6098,6067,NA,NA
"B_T_50_10.ef",206689,205640,NA,NA
"B_T_50_3.eff",196205,195249,NA,NA
"B_T_50_4.eff",17621,17014,NA,NA
"B_T_50_8.eff",199009,198210,NA,NA
"B_T_50_9.eff",157,157,NA,NA
"B_V_15.effec",174498,173179,NA,NA
"B_V_8.effect",205770,205013,NA,NA
"blank_1.effe",188120,187490,NA,NA
"blank_2.effe",1870,1862,NA,NA
"control_1.ef",17,17,NA,NA
"control_4.ef",598,595,NA,NA
"G_V_1.effect",108675,107897,NA,NA
"G_V_11.effec",53425,53101,NA,NA
"G_V_13.effec",3295,3251,NA,NA
"G_V_2.effect",4431,4393,NA,NA
"G_V_4.effect",28970,28708,NA,NA
"L_T_50_3.eff",201679,200660,NA,NA
"L_V_1.effect",204979,203671,NA,NA
"L14.effectiv",109,72,NA,NA
"L7.effective",188556,155858,NA,NA
"Q_V_10.effec",53,53,NA,NA
"Q_V_3.effect",3373,3357,NA,NA
"Q_V_4.effect",19227,19166,NA,NA
"R_V_10.effec",13385,13324,NA,NA
"R_V_14.effec",171865,171231,NA,NA
"R_V_3.effect",202028,200680,NA,NA
"R_V_4.effect",203426,202465,NA,NA
"R_V_7.effect",200249,199033,NA,NA
"R_V_8.effect",201609,201174,NA,NA
